Date,SPY Price,SPY Volume,% Change,14-day RSI,5-day SMA,5-day EMA,10-day SMA,10-day EMA,20-day SMA,WTI Price,VIX Price
9/8/2015,197.43,115807000,,,,,,,,45.92,24.90
9/9/2015,194.79,147649100,-1.34%,,,,,,,44.13,26.23
9/10/2015,195.85,158318900,0.54%,,,,,,,45.85,24.37
9/11/2015,196.74,119507200,0.45%,,,,,,,44.75,23.20
9/14/2015,196.01,79365650,-0.37%,,196.16,196.16,,,,44.07,24.25
9/15/2015,198.46,112339400,1.25%,,196.37,196.93,,,,44.58,22.54
9/16/2015,200.18,99206800,0.87%,,197.45,197.64,,,,47.12,21.35
9/17/2015,199.73,275634900,-0.22%,,198.22,198.21,,,,46.93,21.14
9/18/2015,195.45,222607600,-2.14%,,197.97,197.30,,,,44.71,22.28
9/21/2015,196.46,105229400,0.52%,,198.06,197.46,197.11,197.11,,46.67,20.14
9/22/2015,193.91,153492000,-1.30%,,197.15,196.67,196.76,196.53,,46.17,22.44
9/23/2015,193.60,92548910,-0.16%,,195.83,195.96,196.64,196.18,,44.53,22.13
9/24/2015,192.90,158490600,-0.36%,,194.46,194.85,196.34,195.96,,44.94,23.47
9/25/2015,192.85,154595000,-0.03%,,193.94,193.93,195.96,195.71,,45.55,23.62
9/28/2015,188.01,176317600,-2.51%,37.85,192.25,191.97,195.16,194.51,,44.40,27.63
9/29/2015,188.12,158394800,0.06%,30.11,191.10,190.88,194.12,193.88,,45.24,26.83
9/30/2015,191.63,162862400,1.87%,34.23,190.70,191.27,193.27,193.67,,45.06,24.50
10/1/2015,192.13,130248900,0.26%,41.06,190.55,191.18,192.51,193.06,,44.75,22.55
10/2/2015,195.00,209995600,1.49%,40.07,190.98,192.03,192.46,192.96,,45.54,20.94
10/5/2015,198.47,125618900,1.78%,48.01,193.07,193.48,192.66,193.55,194.886,46.28,19.54
10/6/2015,197.79,109924000,-0.34%,50.02,195.00,194.64,193.05,193.59,194.904,48.53,19.40
10/7/2015,199.41,123927900,0.82%,45.28,196.56,196.47,193.63,194.21,195.135,47.86,18.40
10/8/2015,201.21,151731000,0.90%,49.40,198.38,198.11,194.46,195.01,195.403,49.46,17.42
10/9/2015,201.33,106392100,0.06%,61.99,199.64,199.36,195.31,195.71,195.6325,49.67,17.08
10/12/2015,201.52,56154070,0.09%,60.53,200.25,200.27,196.66,196.44,195.908,47.09,16.17
10/13/2015,200.25,87873100,-0.63%,68.32,200.74,200.25,197.87,197.31,195.9975,46.70,17.67
10/14/2015,199.29,98864500,-0.48%,65.30,200.72,200.26,198.64,198.13,195.953,46.63,18.03
10/15/2015,202.35,133837900,1.54%,64.53,200.95,201.26,199.66,199.31,196.084,46.38,16.05
10/16/2015,203.27,114037700,0.45%,69.00,201.34,201.72,200.49,200.32,196.475,47.30,15.05
10/19/2015,203.37,76365770,0.05%,86.20,201.71,202.01,200.98,201.01,196.8205,45.91,14.98
10/20/2015,203.09,78214510,-0.14%,86.19,202.27,202.17,201.51,201.36,197.2795,45.84,15.75
10/21/2015,201.85,101841800,-0.61%,82.12,202.79,202.13,201.75,201.57,197.692,45.22,16.70
10/22/2015,205.26,174152100,1.69%,76.16,203.37,203.61,202.16,202.39,198.31,44.90,14.45
10/23/2015,207.51,144366100,1.10%,76.83,204.22,204.75,202.78,203.13,199.043,43.91,14.46
10/26/2015,207.00,68281240,-0.25%,75.25,204.94,205.14,203.32,203.54,199.9925,43.19,15.29
10/27/2015,206.60,77709730,-0.19%,75.97,205.64,205.49,203.96,203.92,200.9165,43.21,15.43
10/28/2015,208.95,135620300,1.14%,71.77,207.06,206.75,204.93,204.87,201.7825,45.93,14.33
10/29/2015,208.83,90191780,-0.06%,72.68,207.78,207.65,205.57,205.63,202.6175,46.02,14.61
10/30/2015,207.93,131012600,-0.43%,71.98,207.86,207.83,206.04,206.00,203.264,46.60,15.07
11/2/2015,210.39,86052980,1.18%,68.04,208.54,208.70,206.74,206.83,203.86,46.12,14.15
11/3/2015,211.00,95133060,0.29%,76.74,209.42,209.36,207.53,207.52,204.5205,47.88,14.54
11/4/2015,210.36,95668530,-0.30%,81.46,209.70,209.73,208.38,208.05,205.068,46.32,15.51
11/5/2015,210.15,78166140,-0.10%,74.74,209.97,209.85,208.87,208.70,205.515,45.27,15.05
11/6/2015,210.04,110389000,-0.05%,72.22,210.39,209.99,209.13,209.08,205.9505,44.32,14.33
11/9/2015,208.08,130856000,-0.93%,71.53,209.93,209.62,209.23,208.94,206.2785,43.87,16.52
11/10/2015,208.56,75769150,0.23%,64.53,209.44,209.47,209.43,209.11,206.694,44.23,15.29
11/11/2015,207.74,67716950,-0.39%,70.44,208.91,208.87,209.31,209.12,207.1165,42.95,16.06
11/12/2015,204.84,120950900,-1.40%,58.97,207.85,207.56,208.91,208.50,207.241,41.74,18.37
11/13/2015,202.54,152793300,-1.12%,40.77,206.35,206.08,208.37,207.75,207.2045,40.69,20.08
11/16/2015,205.62,117342200,1.52%,36.29,205.86,206.11,207.89,207.87,207.317,41.68,18.16
11/17/2015,205.47,120836000,-0.07%,47.41,205.24,205.73,207.34,207.45,207.436,40.73,18.84
11/18/2015,208.73,121128300,1.59%,39.61,205.44,206.40,207.18,207.59,207.78,40.75,16.85
11/19/2015,208.55,87841400,-0.09%,49.75,206.18,206.48,207.02,207.43,207.9445,40.55,16.99
11/20/2015,209.31,93821880,0.36%,51.62,207.54,207.22,206.94,207.43,208.03454,39.39,15.47
11/23/2015,209.07,64789800,-0.12%,46.91,208.23,208.05,207.04,207.33,208.13804,39.27,15.62
11/24/2015,209.35,98705990,0.13%,44.35,209.00,208.60,207.12,207.46,208.27554,40.89,15.93
11/25/2015,209.32,51822520,-0.01%,46.98,209.12,209.11,207.28,207.52,208.29404,41.22,15.19
11/27/2015,209.56,37317780,0.11%,47.49,209.32,209.27,207.75,207.69,208.33054,40.57,15.12
11/30/2015,208.69,111785700,-0.42%,48.56,209.20,209.11,208.37,207.92,208.36854,40.43,16.13
12/1/2015,210.68,97501880,0.95%,51.96,209.52,209.69,208.87,208.79,208.38304,40.58,14.67
12/2/2015,208.53,108139300,-1.02%,56.20,209.36,209.19,209.18,208.81,208.25949,39.93,15.91
12/3/2015,205.61,165756900,-1.40%,52.14,208.61,208.11,208.87,208.53,208.02199,41.08,18.11
12/4/2015,209.62,192874200,1.95%,52.09,208.63,208.95,208.97,209.00,207.99549,40.00,14.81
12/7/2015,208.35,101674200,-0.61%,67.56,208.56,208.53,208.88,208.86,207.91099,37.64,15.84
12/8/2015,206.95,103090300,-0.67%,57.44,207.81,208.02,208.67,208.53,207.85444,37.46,17.60
12/9/2015,205.34,161939100,-0.78%,53.77,207.17,206.99,208.26,208.06,207.69344,37.16,19.61
12/10/2015,205.87,115879700,0.26%,40.56,207.23,206.74,207.92,207.83,207.59994,36.76,19.34
12/11/2015,201.88,210983700,-1.94%,42.68,205.68,205.44,207.15,206.82,207.45194,35.65,24.39
12/14/2015,202.90,181638100,0.51%,32.74,204.59,204.75,206.57,206.38,207.46998,36.31,22.73
12/15/2015,205.03,153713000,1.05%,36.17,204.20,204.74,206.01,206.29,207.44052,37.32,20.95
12/16/2015,208.03,196380400,1.46%,41.06,204.74,205.48,205.96,206.38,207.56852,35.55,17.86
12/17/2015,204.86,172358700,-1.52%,47.62,204.54,204.78,205.88,205.76,207.37502,34.98,18.94
12/18/2015,200.02,250946400,-2.36%,42.18,204.17,203.03,204.92,204.82,206.94856,34.72,20.70
12/21/2015,201.67,98751110,0.82%,37.26,203.92,203.34,204.26,204.33,206.56652,34.55,18.70
12/22/2015,203.50,110436800,0.91%,36.63,203.62,203.78,203.91,204.12,206.28802,36.12,16.60
12/23/2015,206.02,110819800,1.24%,42.46,203.21,204.42,203.98,204.29,206.12152,36.76,15.57
12/24/2015,205.68,48542150,-0.17%,50.62,203.38,204.04,203.96,204.29,205.93952,37.62,15.74
12/28/2015,205.21,65727270,-0.23%,43.28,204.42,203.99,204.29,204.19,205.72202,36.36,16.91
12/29/2015,207.40,92411310,1.07%,44.49,205.56,205.41,204.74,204.86,205.65752,37.88,16.08
12/30/2015,205.93,63232390,-0.71%,50.77,206.05,205.68,204.83,204.96,205.42002,36.59,17.29
12/31/2015,203.87,114819400,-1.00%,51.01,205.62,205.32,204.42,204.66,205.18707,37.13,18.21
1/4/2016,201.02,221450500,-1.40%,46.74,204.69,204.09,204.03,203.80,204.95753,36.81,20.70
1/5/2016,201.36,110381200,0.17%,48.54,203.92,203.58,204.17,203.55,204.54453,35.97,19.34
1/6/2016,198.82,151636700,-1.26%,47.33,202.20,202.22,203.88,203.19,204.06803,33.97,20.59
1/7/2016,194.05,212565100,-2.40%,39.39,199.82,199.48,202.94,202.09,203.42308,33.29,24.99
1/8/2016,191.92,209524400,-1.10%,27.48,197.43,197.19,201.53,200.93,202.75223,33.20,27.01
1/11/2016,192.11,187405200,0.10%,28.44,195.65,195.66,200.17,199.81,202.06423,31.42,24.30
1/12/2016,193.66,170946400,0.81%,34.39,194.11,194.99,199.01,198.99,201.65327,30.42,22.47
1/13/2016,188.83,220641200,-2.49%,34.14,192.11,192.35,197.16,197.16,200.94973,30.42,25.22
1/14/2016,191.93,239613400,1.64%,24.03,191.69,192.05,195.76,196.21,200.29469,31.22,23.95
1/15/2016,187.81,323965200,-2.15%,25.56,190.87,190.40,194.15,194.31,199.28369,29.45,27.02
1/19/2016,188.06,193451100,0.13%,22.60,190.06,189.93,192.86,193.04,198.44369,28.47,26.05
1/20/2016,185.65,285427700,-1.28%,23.52,188.46,188.59,191.28,191.55,197.72515,26.68,27.59
1/21/2016,186.69,195002600,0.56%,16.65,188.03,187.87,190.07,190.45,196.97615,29.55,26.69
1/22/2016,190.52,168109300,2.05%,20.10,187.75,188.86,189.72,190.15,196.32715,32.07,22.34
1/25/2016,187.64,129310300,-1.51%,30.34,187.71,187.71,189.29,189.34,195.40815,30.31,24.15
1/26/2016,190.20,139932200,1.36%,30.31,188.14,188.54,189.10,189.46,194.63415,29.54,22.50
1/27/2016,188.13,184964900,-1.09%,34.58,188.64,188.14,188.55,188.92,193.78015,32.32,23.11
1/28/2016,189.11,143300400,0.52%,35.04,189.12,188.79,188.57,188.65,192.86565,33.21,22.42
1/29/2016,193.72,210246000,2.44%,42.27,189.76,190.65,188.75,189.51,192.25519,33.66,20.20
2/1/2016,193.65,135772400,-0.04%,52.61,190.96,191.06,189.34,189.64,191.74419,31.62,19.98
2/2/2016,190.16,182289400,-1.80%,52.24,190.95,190.69,189.55,189.49,191.20123,29.90,21.98
2/3/2016,191.30,204711700,0.60%,45.17,191.59,191.07,190.11,189.87,190.69823,32.29,21.65
2/4/2016,191.60,139293100,0.16%,53.79,192.09,191.59,190.60,190.38,190.33723,31.63,21.84
2/5/2016,187.95,180617400,-1.91%,49.45,190.93,190.71,190.35,190.12,190.03223,30.86,23.38
2/8/2016,185.42,190784300,-1.35%,50.24,189.29,189.09,190.12,189.45,189.70708,29.71,26.00
2/9/2016,185.43,183477200,0.01%,45.82,188.34,188.00,189.65,189.27,189.37308,27.96,26.54
2/10/2016,185.27,147537200,-0.09%,49.62,187.13,187.32,189.36,188.85,188.95354,27.54,26.29
2/11/2016,182.86,218528800,-1.30%,47.49,185.39,185.71,188.74,188.18,188.65504,26.19,28.14
2/12/2016,186.63,127537400,2.06%,35.74,185.12,185.80,188.03,188.35,188.39004,29.32,25.40
2/16/2016,189.78,119814000,1.69%,48.18,185.99,186.67,187.64,188.35,188.48854,29.05,24.11
2/17/2016,192.88,135300500,1.63%,49.26,187.48,188.29,187.91,188.59,188.72954,30.68,22.31
2/18/2016,192.09,102131000,-0.41%,58.09,188.85,189.02,187.99,188.67,189.05154,30.77,21.64
2/19/2016,192.00,114694400,-0.05%,55.11,190.68,189.90,188.03,188.72,189.31704,29.59,20.53
2/22/2016,194.78,103194800,1.45%,46.51,192.31,192.04,188.71,189.26,189.53004,31.37,19.38
2/23/2016,192.32,111231000,-1.26%,52.06,192.81,192.31,189.40,189.37,189.76404,31.84,20.98
2/24/2016,193.20,150565000,0.46%,54.10,192.88,192.94,190.18,190.09,189.91404,30.35,20.72
2/25/2016,195.54,110203000,1.21%,53.64,193.57,193.77,191.21,191.16,190.28454,31.40,19.11
2/26/2016,195.09,129366900,-0.23%,57.01,194.19,194.08,192.43,191.91,190.5835,31.65,19.81
2/29/2016,193.56,125170000,-0.78%,64.32,193.94,193.98,193.12,192.64,190.57546,32.74,20.55
3/1/2016,198.11,141407600,2.35%,67.02,195.10,195.33,193.96,194.03,190.79846,34.39,17.70
3/2/2016,199.00,102132500,0.45%,72.28,196.26,196.40,194.57,194.87,191.24046,34.57,17.09
3/3/2016,199.78,94976900,0.39%,73.52,197.11,197.43,195.34,195.52,191.66421,34.56,16.70
3/4/2016,200.43,128969300,0.33%,80.69,198.18,198.21,196.18,196.26,192.10571,35.91,16.86
3/7/2016,200.59,99829000,0.08%,78.23,199.58,198.98,196.76,196.98,192.73771,37.90,17.35
3/8/2016,198.40,123663900,-1.09%,75.20,199.64,199.19,197.37,197.06,193.38671,36.67,18.67
3/9/2016,199.38,94522340,0.49%,63.44,199.72,199.55,197.99,197.73,194.08421,37.62,18.34
3/10/2016,199.54,156599200,0.08%,67.58,199.67,199.66,198.39,198.27,194.79771,37.77,18.05
3/11/2016,202.76,137871100,1.61%,68.13,200.13,200.70,199.15,199.18,195.79271,38.51,16.50
3/14/2016,202.50,73478740,-0.13%,68.79,200.52,200.92,200.05,199.76,196.58621,37.20,16.92
3/15/2016,202.17,92992420,-0.16%,76.73,201.27,201.07,200.45,200.43,197.20571,36.32,16.84
3/16/2016,203.34,128519100,0.58%,74.26,202.06,201.96,200.89,200.98,197.72871,38.43,14.99
3/17/2016,204.63,133787600,0.63%,72.52,203.08,202.92,201.37,201.57,198.35571,40.17,14.44
3/18/2016,204.38,135476400,-0.12%,76.27,203.40,203.51,201.77,201.92,198.97471,39.47,14.02
3/21/2016,204.67,72727510,0.14%,82.05,203.84,203.83,202.18,202.30,199.46921,39.91,13.79
3/22/2016,204.56,96745330,-0.05%,75.99,204.32,204.08,202.79,202.61,200.08121,41.45,14.17
3/23/2016,203.21,80899020,-0.66%,73.48,204.29,203.95,203.18,202.87,200.58167,38.28,14.94
3/24/2016,203.12,84028660,-0.04%,63.83,203.99,203.90,203.53,203.17,200.96067,38.14,14.74
3/28/2016,203.24,61741680,0.06%,61.35,203.76,203.74,203.58,203.48,201.36821,37.99,15.24
3/29/2016,205.12,92553650,0.93%,61.22,203.85,204.21,203.84,203.86,201.94625,36.91,13.82
3/30/2016,206.02,85684320,0.44%,79.22,204.14,204.57,204.23,204.24,202.34175,36.91,13.56
3/31/2016,205.52,94146900,-0.24%,79.07,204.60,204.60,204.45,204.46,202.66775,36.94,13.95
4/1/2016,206.92,113272000,0.68%,75.43,205.36,205.38,204.68,204.90,203.025,35.36,13.10
4/4/2016,206.25,62656120,-0.32%,70.93,205.97,205.66,204.86,204.96,203.316,34.30,14.12
4/5/2016,204.19,98648990,-1.00%,68.12,205.78,205.37,204.81,204.74,203.49596,34.52,15.42
4/6/2016,206.42,91660050,1.09%,58.36,205.86,205.99,205.00,205.11,203.89696,37.74,14.09
4/7/2016,203.95,112324600,-1.20%,61.72,205.55,205.22,205.08,204.81,204.12546,37.30,16.16
4/8/2016,204.50,94933720,0.27%,47.63,205.06,205.20,205.21,204.97,204.37342,39.74,15.36
4/11/2016,204.02,82561530,-0.23%,50.41,204.62,204.71,205.29,205.00,204.436425,40.46,16.26
4/12/2016,205.92,114890500,0.93%,47.81,204.96,205.05,205.37,205.41,204.607425,42.12,14.85
4/13/2016,208.00,95684760,1.01%,54.10,205.28,205.97,205.57,205.85,204.898965,41.70,13.84
4/14/2016,208.01,65046200,0.00%,63.82,206.09,206.19,205.82,206.01,205.132465,41.45,13.72
4/15/2016,207.78,75684740,-0.11%,64.17,206.75,206.65,205.90,206.17,205.289965,40.40,13.62
4/18/2016,209.24,82211220,0.70%,63.08,207.79,207.58,206.20,206.51,205.532925,39.74,13.35
4/19/2016,209.90,87275610,0.32%,62.16,208.59,208.49,206.77,206.87,205.794425,40.88,13.24
4/20/2016,210.10,81035560,0.10%,61.62,209.01,209.09,207.14,207.38,206.071425,42.72,13.28
4/21/2016,208.97,85132680,-0.54%,63.96,209.20,208.99,207.64,207.47,206.359465,43.18,13.95
4/22/2016,208.97,99214080,0.00%,56.35,209.44,209.12,208.09,207.89,206.651965,42.76,13.22
4/25/2016,208.61,65967270,-0.17%,58.80,209.31,209.16,208.55,208.19,206.920465,41.67,14.08
4/26/2016,208.92,75483500,0.15%,66.07,209.11,209.18,208.85,208.62,207.110385,42.52,13.96
4/27/2016,209.35,77218000,0.21%,60.56,208.96,209.19,208.98,208.94,207.276885,45.29,13.77
4/28/2016,207.45,96764540,-0.91%,77.56,208.66,208.46,208.93,208.71,207.37326,46.03,15.22
4/29/2016,206.33,142309300,-0.54%,63.22,208.13,207.88,208.78,208.46,207.3438,45.98,15.70
5/2/2016,207.97,61966240,0.79%,59.80,208.00,208.08,208.66,208.64,207.4298,44.75,14.68
5/3/2016,206.16,106174100,-0.87%,58.89,207.45,207.39,208.28,208.20,207.5283,43.65,15.60
5/4/2016,205.01,92014370,-0.56%,41.82,206.58,206.64,207.77,207.69,207.4578,43.77,16.05
5/5/2016,204.97,67381980,-0.02%,37.90,206.09,206.05,207.37,207.26,207.5088,44.33,15.91
5/6/2016,205.72,88045660,0.37%,38.49,205.97,205.97,207.05,207.07,207.56984,44.58,14.72
5/9/2016,205.89,73526600,0.08%,34.70,205.55,205.94,206.78,206.84,207.663295,43.45,14.57
5/10/2016,208.45,77228060,1.24%,31.78,206.01,206.52,206.73,207.08,207.789795,44.68,13.63
5/11/2016,206.50,81565790,-0.94%,43.83,206.31,206.17,206.44,206.69,207.714755,46.21,14.69
5/12/2016,206.56,89316340,0.03%,41.30,206.62,206.39,206.36,206.47,207.642255,46.64,14.41
5/13/2016,204.76,96387930,-0.87%,41.54,206.43,206.00,206.20,206.07,207.491255,46.22,15.04
5/16/2016,206.78,77216300,0.99%,37.73,206.61,206.55,206.08,206.30,207.368295,47.72,14.68
5/17/2016,204.85,114246600,-0.93%,43.85,205.89,206.02,205.95,205.86,207.115835,48.29,15.57
5/18/2016,204.91,122696600,0.03%,38.10,205.57,205.56,205.94,205.76,206.856335,48.12,15.95
5/19/2016,204.20,115151900,-0.35%,42.56,205.10,205.11,205.86,205.62,206.617835,48.16,16.33
5/20/2016,205.49,104892400,0.63%,43.60,205.25,205.23,205.84,205.79,206.443835,47.67,15.20
5/23/2016,205.21,58582750,-0.14%,42.39,204.93,205.23,205.77,205.72,206.273835,48.12,15.82
5/24/2016,207.87,93092790,1.30%,46.79,205.54,205.91,205.71,206.15,206.221375,48.04,14.42
5/25/2016,209.28,78870820,0.68%,58.78,206.41,206.78,205.99,206.36,206.217875,49.10,13.90
5/26/2016,209.34,55114340,0.03%,62.21,207.44,207.39,206.27,206.60,206.3125,49.00,13.43
5/27/2016,210.24,62797750,0.43%,60.67,208.39,208.37,206.82,206.99,206.50796,49.36,13.12
5/31/2016,209.84,109644300,-0.19%,62.30,209.31,208.87,207.12,207.37,206.60146,49.10,14.19
6/1/2016,210.27,69743400,0.20%,54.48,209.79,209.63,207.67,207.70,206.807,49.07,14.20
6/2/2016,210.91,62885190,0.30%,63.46,210.12,210.17,208.27,208.25,207.102,49.14,13.63
6/3/2016,210.28,101655600,-0.30%,64.91,210.31,210.17,208.87,208.63,207.3675,48.69,13.47
6/6/2016,211.35,64648460,0.51%,70.57,210.53,210.66,209.46,209.32,207.649,49.71,13.65
6/7/2016,211.68,60838610,0.16%,68.33,210.90,210.91,210.11,209.86,207.93854,50.37,14.05
6/8/2016,212.37,66060100,0.33%,81.42,211.32,211.39,210.56,210.52,208.13454,51.23,14.08
6/9/2016,212.08,73672890,-0.14%,82.43,211.55,211.57,210.84,210.83,208.41354,50.52,14.64
6/10/2016,210.07,113245800,-0.95%,85.56,211.51,211.06,210.91,210.70,208.58904,49.09,17.03
6/13/2016,208.45,117376300,-0.77%,69.41,210.93,210.49,210.73,210.46,208.7735,48.89,20.97
6/14/2016,208.04,124789100,-0.20%,62.32,210.20,209.97,210.55,210.24,208.8365,48.49,20.50
6/15/2016,207.75,108745400,-0.14%,50.78,209.28,209.38,210.30,210.04,208.98146,47.92,20.14
6/16/2016,208.37,149194500,0.30%,42.17,208.54,208.98,210.04,209.95,209.15446,46.14,19.37
6/17/2016,206.52,116531100,-0.89%,45.30,207.83,207.86,209.67,209.40,209.27046,48.00,19.41
6/20/2016,207.85,81546570,0.64%,33.51,207.71,207.83,209.32,209.34,209.38846,49.40,18.37
6/21/2016,208.44,72259730,0.28%,41.85,207.79,207.95,208.99,209.16,209.54996,48.95,18.48
6/22/2016,208.10,94503660,-0.16%,42.60,207.86,207.89,208.57,208.83,209.56146,49.16,21.17
6/23/2016,210.81,99651290,1.30%,38.36,208.34,208.84,208.44,208.97,209.63796,49.34,17.25
6/24/2016,203.13,332774500,-3.64%,51.87,207.67,206.61,207.75,207.47,209.32746,46.70,25.76
6/27/2016,199.60,247488400,-1.74%,30.20,206.02,204.98,206.86,206.26,208.79546,45.80,23.85
6/28/2016,203.20,158940500,1.80%,24.79,204.97,205.08,206.38,206.20,208.463445,47.93,18.75
6/29/2016,206.66,136758800,1.70%,32.94,204.68,205.53,206.27,206.43,208.282945,49.85,16.64
6/30/2016,209.48,163408900,1.36%,40.98,204.41,206.28,206.38,206.85,208.211195,48.27,15.63
7/1/2016,209.92,105955800,0.21%,49.04,205.77,206.25,206.72,207.02,208.193235,49.02,14.77
7/5/2016,208.41,109446800,-0.72%,52.48,207.53,206.65,206.77,207.03,208.046235,46.73,15.58
7/6/2016,209.66,95760950,0.60%,50.60,208.83,208.24,206.90,207.30,207.945235,47.37,14.96
7/7/2016,209.53,85409500,-0.06%,53.01,209.40,209.06,207.04,207.37,207.803035,45.22,14.76
7/8/2016,212.65,133850900,1.49%,51.85,210.03,210.48,207.22,208.06,207.831535,45.37,13.20
7/11/2016,213.40,73418870,0.35%,59.43,210.73,211.16,208.25,208.35,207.998035,44.73,13.54
7/12/2016,214.95,100654900,0.73%,58.69,212.04,212.14,209.79,209.47,208.323075,46.82,13.55
7/13/2016,214.92,87173840,-0.01%,59.89,213.09,213.00,210.96,210.72,208.667075,44.87,13.04
7/14/2016,216.12,90720450,0.56%,60.46,214.41,214.10,211.90,211.90,209.085575,45.64,12.82
7/15/2016,215.83,103992200,-0.13%,58.54,215.04,214.88,212.54,212.62,209.458575,45.93,12.67
7/18/2016,216.41,58340610,0.27%,76.81,215.65,215.50,213.19,213.24,209.953035,45.23,12.44
7/19/2016,216.19,54247840,-0.10%,90.53,215.89,215.83,213.97,213.73,210.370035,44.64,11.97
7/20/2016,217.09,58004900,0.41%,87.42,216.33,216.29,214.71,214.53,210.802285,44.96,11.77
7/21/2016,216.27,67610880,-0.38%,85.24,216.36,216.31,215.38,214.99,211.210535,43.96,12.74
7/22/2016,217.24,62676500,0.45%,76.53,216.64,216.65,215.84,215.72,211.532035,43.41,12.02
7/25/2016,216.65,55742050,-0.27%,77.46,216.69,216.64,216.17,215.99,212.208035,42.40,12.87
7/26/2016,216.75,69685850,0.05%,83.21,216.80,216.71,216.35,216.27,213.065535,42.16,13.05
7/27/2016,216.52,83930010,-0.11%,81.49,216.69,216.71,216.51,216.38,213.73155,41.90,12.83
7/28/2016,216.77,64786550,0.12%,80.80,216.79,216.71,216.57,216.55,214.23705,41.13,12.72
7/29/2016,217.12,79329720,0.16%,74.30,216.76,216.90,216.70,216.67,214.6193,41.54,11.87
8/1/2016,216.94,73111310,-0.08%,73.02,216.82,216.82,216.75,216.74,214.97026,40.05,12.44
8/2/2016,215.55,92202880,-0.64%,64.83,216.58,216.40,216.69,216.53,215.32722,39.50,13.37
8/3/2016,216.18,53665810,0.29%,53.90,216.51,216.45,216.60,216.60,215.65322,40.80,12.86
8/4/2016,216.41,46454000,0.11%,50.40,216.44,216.48,216.61,216.56,215.997405,41.92,12.42
8/5/2016,218.18,71799630,0.82%,53.90,216.65,217.02,216.71,216.90,216.273905,41.83,11.39
8/8/2016,218.05,39681420,-0.06%,60.26,216.87,217.12,216.85,216.95,216.506405,43.06,11.50
8/9/2016,218.18,51073070,0.06%,60.89,217.40,217.31,216.99,217.09,216.667905,42.78,11.66
8/10/2016,217.64,57758740,-0.25%,57.04,217.69,217.48,217.10,217.11,216.803905,41.75,12.05
8/11/2016,218.65,72337050,0.46%,59.17,218.14,218.01,217.29,217.38,216.930405,43.51,11.68
8/12/2016,218.46,61208890,-0.09%,59.36,218.20,218.25,217.42,217.50,217.061905,44.47,11.55
8/15/2016,219.09,49712550,0.29%,62.69,218.40,218.49,217.64,217.73,217.195945,45.72,11.81
8/16/2016,217.96,53068810,-0.52%,65.27,218.36,218.26,217.88,217.70,217.284445,46.57,12.64
8/17/2016,218.37,74886240,0.19%,58.41,218.51,218.36,218.10,217.97,217.348695,46.81,12.19
8/18/2016,218.86,52668540,0.22%,59.17,218.55,218.62,218.34,218.24,217.478445,48.20,11.43
8/19/2016,218.54,75244030,-0.15%,59.82,218.56,218.55,218.38,218.38,217.543445,48.48,11.34
8/22/2016,218.53,61318460,0.00%,58.89,218.45,218.55,218.43,218.41,217.637445,46.80,12.27
8/23/2016,218.97,53289030,0.20%,69.56,218.65,218.62,218.51,218.53,217.748445,47.54,12.38
8/24/2016,217.85,71553010,-0.51%,68.78,218.55,218.39,218.53,218.39,217.814945,46.29,13.45
8/25/2016,217.70,69128600,-0.07%,58.66,218.32,218.27,218.43,218.38,217.861445,46.97,13.63
8/26/2016,217.29,122386400,-0.19%,46.42,218.07,217.98,218.32,218.23,217.869945,47.64,13.65
8/29/2016,218.36,70431280,0.49%,44.56,218.03,218.17,218.24,218.32,217.940985,46.97,12.94
8/30/2016,218.00,57588550,-0.17%,51.14,217.84,218.02,218.25,218.20,218.063525,46.32,13.12
8/31/2016,217.38,84916020,-0.28%,52.33,217.75,217.69,218.15,218.09,218.123525,44.68,13.42
9/1/2016,217.39,97720490,0.00%,41.36,217.68,217.63,218.00,218.01,218.17254,43.17,13.48
9/2/2016,218.37,79119470,0.45%,42.54,217.90,217.91,217.98,218.07,218.18204,44.39,11.98
9/6/2016,219.03,56528000,0.30%,45.21,218.03,218.28,218.03,218.17,218.23108,44.85,12.02
9/7/2016,219.01,76302150,-0.01%,57.59,218.24,218.36,218.04,218.21,218.27258,45.47,11.94
9/8/2016,218.51,73855230,-0.23%,54.80,218.46,218.33,218.10,218.12,218.31608,47.63,12.51
9/9/2016,213.28,220309300,-2.39%,47.38,217.64,216.73,217.66,217.23,218.04758,45.88,17.50
9/12/2016,216.34,167653400,1.43%,27.29,217.23,217.21,217.57,217.42,217.94158,46.28,15.16
9/13/2016,213.23,182323200,-1.44%,42.52,216.07,215.90,217.05,216.78,217.64858,44.91,17.85
9/14/2016,213.15,133064600,-0.04%,33.41,214.90,215.10,216.57,216.34,217.40808,43.62,18.14
9/15/2016,215.28,144092600,1.00%,35.55,214.26,215.03,216.36,216.33,217.25358,43.85,16.30
9/16/2016,213.37,155109000,-0.89%,43.37,214.27,213.96,215.96,215.82,216.97908,43.04,15.37
9/19/2016,213.41,80099180,0.02%,40.07,213.69,213.99,215.46,215.49,216.72258,43.34,15.53
9/20/2016,213.42,69217930,0.00%,36.77,213.73,213.60,214.90,215.09,216.46708,43.85,15.92
9/21/2016,215.82,110068700,1.12%,37.53,214.26,214.42,214.58,215.07,216.30958,45.33,13.30
9/22/2016,217.18,76535390,0.63%,46.13,214.64,215.23,214.45,215.05,216.27608,46.10,12.02
9/23/2016,215.99,73464500,-0.55%,49.51,215.16,215.09,214.72,214.73,216.19058,44.36,12.29
9/26/2016,214.24,89700700,-0.81%,44.52,215.33,214.86,214.51,214.63,216.03808,45.60,14.50
9/27/2016,215.57,77854200,0.62%,39.49,215.76,215.41,214.74,214.70,215.89854,44.65,13.10
9/28/2016,216.64,87095790,0.50%,42.86,215.92,216.05,215.09,215.09,215.83054,47.07,12.39
9/29/2016,214.68,127225400,-0.90%,46.21,215.42,215.51,215.03,215.02,215.69554,47.72,14.02
9/30/2016,216.30,115113500,0.75%,53.27,215.49,215.72,215.33,215.26,215.64104,47.72,13.29
10/3/2016,215.78,83386110,-0.24%,49.90,215.79,215.58,215.56,215.41,215.51154,48.80,13.57
10/4/2016,214.68,119749100,-0.51%,57.34,215.62,215.42,215.69,215.40,215.294,48.67,13.63
10/5/2016,215.63,72685460,0.44%,54.16,215.41,215.62,215.67,215.68,215.125,49.75,12.99
10/6/2016,215.78,62519840,0.07%,51.02,215.63,215.54,215.53,215.69,214.9885,50.44,12.84
10/7/2016,215.04,89597910,-0.34%,57.80,215.38,215.44,215.43,215.44,215.0765,49.76,13.48
10/10/2016,216.16,51620410,0.52%,55.05,215.46,215.64,215.63,215.57,215.0675,49.76,13.38
10/11/2016,213.43,130183700,-1.26%,57.94,215.21,214.78,215.41,215.23,215.0775,50.72,15.36
10/12/2016,213.71,73322980,0.13%,43.21,214.82,214.71,215.12,215.10,215.1055,50.14,15.91
10/13/2016,213.01,101184500,-0.33%,39.49,214.27,214.22,214.95,214.74,214.992,50.47,16.69
10/14/2016,213.12,93285170,0.05%,40.70,213.89,213.89,214.63,214.62,214.9795,50.35,16.12
10/17/2016,212.38,58185200,-0.35%,46.11,213.13,213.38,214.29,214.22,214.928,49.97,16.21
10/18/2016,213.71,76618560,0.63%,38.43,213.19,213.32,214.20,214.19,214.9425,50.30,15.28
10/19/2016,214.28,66342420,0.27%,39.57,213.30,213.55,214.06,214.21,214.8655,51.59,14.41
10/20/2016,213.88,73492220,-0.19%,48.42,213.47,213.49,213.87,214.03,214.7005,50.31,13.75
10/21/2016,213.98,88974470,0.05%,39.42,213.65,213.64,213.77,213.89,214.6,50.61,13.34
10/24/2016,214.89,59934750,0.43%,41.83,214.15,214.06,213.64,213.97,214.6325,50.18,13.02
10/25/2016,214.17,66356080,-0.34%,50.97,214.24,214.16,213.71,213.74,214.5625,49.45,13.46
10/26/2016,213.74,75561030,-0.20%,43.11,214.13,214.07,213.72,213.72,214.4175,48.75,14.24
10/27/2016,213.17,77031450,-0.27%,40.63,213.99,213.81,213.73,213.62,214.342,49.71,15.36
10/28/2016,212.54,140491700,-0.30%,41.27,213.70,213.51,213.67,213.52,214.154,48.72,16.19
10/31/2016,212.55,60669300,0.00%,32.29,213.23,213.32,213.69,213.47,213.9925,46.83,17.06
11/1/2016,211.01,122395800,-0.72%,44.13,212.60,212.49,213.42,213.20,213.809,46.66,18.56
11/2/2016,209.74,102709200,-0.60%,34.59,211.80,211.65,212.97,212.75,213.5145,45.32,19.32
11/3/2016,208.78,88715720,-0.46%,32.48,210.92,210.79,212.46,212.21,213.1645,44.66,22.08
11/4/2016,208.55,108488200,-0.11%,28.68,210.13,210.13,211.91,211.75,212.84,44.07,22.51
11/7/2016,213.15,109397700,2.21%,30.20,210.25,211.13,211.74,212.14,212.6895,44.88,18.71
11/8/2016,214.11,104838900,0.45%,47.84,210.87,211.53,211.73,212.17,212.7235,44.96,18.74
11/9/2016,216.38,257961800,1.06%,49.36,212.19,212.70,212.00,212.58,212.85696,45.20,14.38
11/10/2016,216.92,171730900,0.25%,58.22,213.82,213.77,212.37,212.89,213.05246,44.62,14.74
11/11/2016,216.42,100424400,-0.23%,59.40,215.40,214.69,212.76,213.11,213.21746,43.39,14.17
11/14/2016,216.59,94378460,0.08%,55.02,216.08,215.79,213.16,213.46,213.42796,43.29,14.48
11/15/2016,218.28,91367180,0.78%,58.24,216.92,216.82,213.89,214.09,213.65646,45.86,13.37
11/16/2016,217.87,65385810,-0.19%,64.24,217.22,217.24,214.70,214.62,213.83596,45.56,13.72
11/17/2016,218.99,69130300,0.51%,64.89,217.63,217.81,215.73,215.48,214.09146,45.37,13.35
11/18/2016,218.50,86161200,-0.22%,69.82,218.05,217.92,216.72,216.23,214.31746,45.69,12.85
11/21/2016,220.15,72151670,0.76%,67.76,218.76,218.75,217.42,217.34,214.58046,47.48,12.42
11/22/2016,220.58,67275320,0.20%,77.11,219.22,219.37,218.07,218.00,214.90096,48.07,12.41
11/23/2016,220.70,56502980,0.05%,83.83,219.78,219.71,218.50,218.55,215.24896,46.72,12.43
11/25/2016,221.52,37872260,0.37%,89.26,220.29,220.36,218.96,219.05,215.66646,46.72,12.34
11/28/2016,220.48,76527520,-0.47%,91.12,220.69,220.35,219.37,219.24,216.06346,45.66,13.15
11/29/2016,220.91,69579660,0.20%,80.02,220.84,220.76,219.80,219.65,216.48146,45.29,12.90
11/30/2016,220.38,112309600,-0.24%,79.11,220.80,220.69,220.01,219.90,216.94996,49.41,13.33
12/1/2016,219.57,78874240,-0.37%,70.12,220.57,220.39,220.18,219.93,217.44146,51.08,14.07
12/2/2016,219.68,74621240,0.05%,62.98,220.20,220.27,220.25,220.09,217.98646,51.70,14.12
12/5/2016,221.00,67101250,0.60%,66.60,220.31,220.47,220.50,220.38,218.60896,51.72,12.14
12/6/2016,221.70,59512650,0.32%,70.10,220.47,220.77,220.65,220.72,219.03646,50.95,11.79
12/7/2016,224.60,110194800,1.31%,67.13,221.31,221.84,221.05,221.37,219.56096,49.85,12.22
12/8/2016,225.15,96247920,0.24%,76.98,222.43,222.59,221.50,221.80,219.9995,50.84,12.64
12/9/2016,226.51,87827850,0.60%,75.88,223.79,223.79,222.00,222.41,220.479,51.51,11.75
12/12/2016,226.25,101715300,-0.11%,81.36,224.84,224.61,222.58,222.77,220.9705,52.74,12.64
12/13/2016,227.76,110247300,0.67%,76.80,226.05,225.81,223.26,223.52,221.529,52.99,12.72
12/14/2016,225.88,141538000,-0.83%,78.81,226.31,226.00,223.81,223.74,221.909,51.01,13.19
12/15/2016,226.81,123647300,0.41%,68.21,226.64,226.48,224.53,224.36,222.356,50.90,12.79
12/16/2016,225.04,156228600,-0.78%,68.46,226.35,226.11,225.07,224.63,222.6585,51.93,12.20
12/19/2016,225.53,90032620,0.22%,65.14,226.20,226.08,225.52,225.15,223.01,52.13,11.71
12/20/2016,226.40,89669640,0.39%,65.28,225.93,226.27,225.99,225.68,223.3225,52.22,11.45
12/21/2016,225.77,67782110,-0.28%,69.47,225.91,225.88,226.11,225.95,223.582,51.44,11.27
12/22/2016,225.38,55966720,-0.17%,70.29,225.62,225.73,226.13,225.98,223.816,51.98,11.43
12/23/2016,225.71,36670460,0.15%,68.32,225.76,225.65,226.05,226.06,224.0255,52.01,11.44
12/27/2016,226.27,42619920,0.25%,66.16,225.91,225.93,226.06,226.09,224.315,52.82,11.99
12/28/2016,224.40,64009720,-0.83%,65.84,225.51,225.40,225.72,225.75,224.4895,54.01,12.95
12/29/2016,224.35,48614080,-0.02%,49.25,225.22,225.12,225.57,225.47,224.688,53.80,13.37
12/30/2016,223.53,108693200,-0.37%,46.90,224.85,224.66,225.24,225.20,224.886,53.75,14.04
1/3/2017,225.24,91087570,0.76%,37.94,224.76,224.98,225.26,225.24,225.164,52.36,12.85
1/4/2017,226.58,78458530,0.59%,46.34,224.82,225.37,225.36,225.50,225.443,53.26,11.85
1/5/2017,226.40,78291080,-0.08%,45.67,225.22,225.35,225.36,225.55,225.678,53.77,11.67
1/6/2017,227.21,71356460,0.36%,52.18,225.79,225.88,225.51,225.70,225.8085,53.98,11.32
1/9/2017,226.46,46723610,-0.33%,51.69,226.38,226.01,225.62,225.68,225.874,51.95,11.56
1/10/2017,226.46,63204500,0.00%,56.57,226.62,226.41,225.69,225.77,225.8715,50.82,11.49
1/11/2017,227.10,74510600,0.28%,54.51,226.73,226.78,225.77,225.95,225.914,52.19,11.26
1/12/2017,226.53,72028310,-0.25%,53.47,226.75,226.66,225.99,225.91,225.8525,53.01,11.54
1/13/2017,227.05,62681260,0.23%,53.79,226.72,226.85,226.26,226.18,225.911,52.36,11.23
1/17/2017,226.25,61098430,-0.35%,58.23,226.68,226.56,226.53,226.25,225.883,52.45,11.87
1/18/2017,226.75,54598260,0.22%,52.54,226.74,226.70,226.68,226.57,225.9685,51.12,12.48
1/19/2017,225.91,66166860,-0.37%,52.27,226.50,226.46,226.61,226.54,225.9875,51.39,12.78
1/20/2017,226.74,126753400,0.37%,57.92,226.54,226.58,226.65,226.64,226.0045,52.33,11.54
1/23/2017,226.15,74924440,-0.26%,61.59,226.36,226.41,226.54,226.56,226.0235,52.77,11.77
1/24/2017,227.60,95251650,0.64%,63.00,226.63,226.77,226.65,226.73,226.1345,52.38,11.07
1/25/2017,229.57,84105490,0.87%,62.02,227.19,227.61,226.97,227.18,226.3275,52.14,10.81
1/26/2017,229.33,59753620,-0.10%,64.31,227.88,227.91,227.19,227.39,226.4805,53.24,10.63
1/27/2017,228.97,59643600,-0.16%,63.94,228.32,228.24,227.43,227.51,226.709,53.18,10.58
1/30/2017,227.55,79549380,-0.62%,58.75,228.60,228.07,227.48,227.45,226.869,52.63,11.88
1/31/2017,227.53,75379530,-0.01%,55.08,228.59,228.25,227.61,227.49,227.069,52.75,11.99
2/1/2017,227.62,78927270,0.04%,54.98,228.20,228.27,227.70,227.61,227.188,53.90,11.81
2/2/2017,227.77,69506430,0.07%,52.55,227.89,228.06,227.88,227.71,227.2475,53.55,11.93
2/3/2017,229.34,80474030,0.69%,56.34,227.96,228.37,228.14,228.15,227.3945,53.81,10.97
2/6/2017,228.93,57729810,-0.18%,60.57,228.24,228.28,228.42,228.29,227.4805,53.01,11.37
2/7/2017,228.94,57818730,0.00%,62.84,228.52,228.47,228.56,228.52,227.6045,52.19,11.29
2/8/2017,229.24,51381110,0.13%,61.01,228.84,228.76,228.52,228.68,227.7435,52.37,11.45
2/9/2017,230.60,65823370,0.59%,67.69,229.41,229.43,228.65,228.90,227.9185,52.99,10.88
2/10/2017,231.51,65951540,0.39%,69.42,229.84,230.11,228.90,229.17,228.1675,53.84,10.85
2/13/2017,232.77,55023690,0.54%,76.12,230.61,230.82,229.43,229.61,228.4535,52.96,11.07
2/14/2017,233.70,70023470,0.40%,75.67,231.56,231.64,230.04,230.20,228.826,53.21,10.74
2/15/2017,234.92,86213560,0.52%,72.87,232.70,232.68,230.77,230.93,229.2345,53.11,11.97
2/16/2017,234.72,84574430,-0.09%,77.92,233.52,233.37,231.47,231.49,229.675,53.41,11.76
2/17/2017,235.09,76881310,0.16%,79.19,234.24,234.05,232.04,232.13,230.0925,53.41,11.49
2/21/2017,236.49,87736380,0.60%,92.84,234.98,234.99,232.80,232.85,230.6095,54.02,11.57
2/22/2017,236.28,61918630,-0.09%,94.01,235.50,235.42,233.53,233.43,231.0435,53.61,11.74
2/23/2017,236.44,72812210,0.07%,92.04,235.80,235.81,234.25,234.06,231.387,54.48,11.71
2/24/2017,236.74,82311890,0.13%,92.05,236.21,236.12,234.87,234.70,231.7575,53.99,11.47
2/27/2017,237.11,56404310,0.16%,90.93,236.61,236.51,235.43,235.27,232.1645,54.04,12.09
2/28/2017,236.47,95717730,-0.27%,95.44,236.61,236.56,235.80,235.62,232.6105,54.00,12.92
3/1/2017,239.78,148882400,1.40%,89.10,237.31,237.67,236.40,236.52,233.223,53.82,12.54
3/2/2017,238.27,70152200,-0.63%,91.69,237.67,237.63,236.74,236.74,233.7555,52.63,11.81
3/3/2017,238.42,81726380,0.06%,79.98,238.01,237.92,237.11,237.04,234.288,53.33,10.96
3/6/2017,237.71,54424270,-0.30%,78.72,238.13,237.91,237.37,237.22,234.7065,53.19,11.24
3/7/2017,237.00,64807970,-0.30%,71.52,238.24,237.75,237.42,237.30,235.11,52.68,11.45
3/8/2017,236.56,77619600,-0.19%,64.65,237.59,237.68,237.45,237.27,235.491,49.83,11.86
3/9/2017,236.86,90332120,0.13%,57.82,237.31,237.35,237.49,237.34,235.872,48.75,12.30
3/10/2017,237.69,81757000,0.35%,60.11,237.16,237.44,237.59,237.53,236.2265,48.05,11.66
3/13/2017,237.81,57058040,0.05%,61.78,237.18,237.38,237.66,237.63,236.5415,47.95,11.35
3/14/2017,236.90,59838300,-0.38%,56.76,237.16,237.09,237.70,237.52,236.748,47.24,12.30
3/15/2017,238.95,95071850,0.87%,52.96,237.64,237.76,237.62,237.93,237.0105,48.34,11.63
3/16/2017,238.48,77761390,-0.20%,60.16,237.97,237.92,237.64,237.77,237.1885,48.30,11.21
3/17/2017,237.03,88284080,-0.61%,56.95,237.83,237.65,237.50,237.53,237.304,48.34,11.28
3/20/2017,236.77,52529210,-0.11%,49.71,237.63,237.48,237.41,237.37,237.388,47.79,11.34
3/21/2017,233.73,131204400,-1.28%,51.13,236.99,236.33,237.08,236.74,237.25,47.02,12.47
3/22/2017,234.28,97233080,0.24%,26.64,236.06,236.09,236.85,236.57,237.15,47.29,12.81
3/23/2017,234.03,100172100,-0.11%,33.36,235.17,235.38,236.57,236.34,237.0295,47.00,13.12
3/24/2017,233.86,112400900,-0.07%,31.84,234.53,234.73,236.18,236.07,236.8855,47.30,12.96
3/27/2017,233.62,87245320,-0.10%,33.33,233.90,234.23,235.77,235.72,236.711,47.02,12.50
3/28/2017,235.32,93370670,0.73%,34.75,234.22,234.38,235.61,235.68,236.6535,48.36,11.53
3/29/2017,235.54,61043150,0.09%,44.98,234.47,234.66,235.27,235.59,236.4415,49.47,11.42
3/30/2017,236.29,56658160,0.32%,44.62,234.93,235.08,235.05,235.45,236.3425,50.30,11.54
3/31/2017,235.74,73482420,-0.23%,44.25,235.30,235.20,234.92,235.17,236.2085,50.54,12.37
4/3/2017,235.33,85424090,-0.17%,41.79,235.64,235.31,234.77,234.99,236.0895,50.25,12.38
4/4/2017,235.48,56303450,0.06%,43.52,235.68,235.59,234.95,234.90,236.0135,50.99,11.79
4/5/2017,234.78,108227700,-0.30%,33.01,235.52,235.38,235.00,234.92,235.9245,51.14,12.89
4/6/2017,235.44,68962420,0.28%,32.28,235.35,235.50,235.14,235.08,235.8535,51.69,12.39
4/7/2017,235.20,74345090,-0.10%,41.76,235.25,235.30,235.27,235.15,235.729,52.25,12.87
4/10/2017,235.34,67526890,0.06%,41.85,235.25,235.28,235.45,235.29,235.6055,53.06,14.05
4/11/2017,235.06,87804580,-0.12%,61.96,235.16,235.19,235.42,235.38,235.5135,53.38,15.07
4/12/2017,234.03,81393040,-0.44%,56.04,235.01,234.79,235.27,235.17,235.2675,53.12,15.77
4/13/2017,232.51,92625450,-0.65%,50.00,234.43,234.18,234.89,234.77,234.969,53.19,15.96
4/17/2017,234.57,68153720,0.89%,42.14,234.30,234.48,234.77,234.83,234.846,52.62,14.66
4/18/2017,233.87,83143680,-0.30%,54.56,234.01,234.16,234.63,234.61,234.701,52.46,14.42
4/19/2017,233.44,68254750,-0.18%,42.30,233.68,233.82,234.42,234.41,234.6865,50.49,14.93
4/20/2017,235.34,92306890,0.81%,39.09,233.95,234.24,234.48,234.59,234.7395,50.26,14.15
4/21/2017,234.59,109896300,-0.32%,45.59,234.36,234.16,234.40,234.50,234.7675,49.64,14.63
4/24/2017,237.17,119008100,1.10%,44.76,234.88,235.30,234.59,234.90,234.933,48.90,10.84
4/25/2017,238.55,75528380,0.58%,57.00,235.82,236.10,234.91,235.31,235.1795,49.22,10.76
4/26/2017,238.40,84210820,-0.06%,60.68,236.81,236.68,235.25,235.55,235.3335,49.22,10.85
4/27/2017,238.60,57144960,0.08%,63.10,237.46,237.41,235.70,235.86,235.4865,48.96,10.36
4/28/2017,238.08,63426310,-0.22%,61.83,238.16,237.67,236.26,236.14,235.576,49.31,10.82
5/1/2017,238.68,66588230,0.25%,60.56,238.46,238.33,236.67,236.70,235.723,48.83,10.11
5/2/2017,238.77,57123690,0.04%,61.84,238.51,238.56,237.16,237.05,235.895,47.65,10.59
5/3/2017,238.48,72846400,-0.12%,63.34,238.52,238.50,237.67,237.40,236.045,47.79,10.68
5/4/2017,238.76,61322410,0.12%,66.89,238.55,238.60,238.01,237.86,236.244,45.55,10.46
5/5/2017,239.70,61561740,0.39%,76.19,238.88,238.94,238.52,238.32,236.457,46.23,10.57
5/8/2017,239.66,48260110,-0.02%,73.73,239.07,239.14,238.77,238.73,236.68,46.46,9.77
5/9/2017,239.44,51126000,-0.09%,78.52,239.21,239.20,238.86,238.89,236.885,45.84,9.96
5/10/2017,239.87,54209350,0.18%,80.18,239.49,239.43,239.00,239.04,237.1255,47.28,10.21
5/11/2017,239.38,62232520,-0.20%,76.74,239.61,239.45,239.08,239.07,237.393,47.81,10.60
5/12/2017,238.98,53812970,-0.17%,79.17,239.47,239.40,239.17,239.06,237.7165,47.83,10.40
5/15/2017,240.30,61242740,0.55%,65.01,239.59,239.74,239.33,239.38,238.003,48.86,10.42
5/16/2017,240.08,50523840,-0.09%,64.66,239.72,239.76,239.47,239.47,238.3135,48.64,10.65
5/17/2017,235.82,171445400,-1.77%,63.91,238.91,238.42,239.20,238.80,238.4325,49.04,15.59
5/18/2017,236.77,106885400,0.40%,36.24,238.39,238.20,239.00,238.76,238.504,49.36,14.66
5/19/2017,238.31,114380500,0.65%,43.78,238.26,238.36,238.86,238.87,238.69,50.32,12.04
5/22/2017,239.52,60274380,0.51%,48.39,238.10,238.68,238.85,238.98,238.8075,50.81,10.93
5/23/2017,240.05,48239370,0.22%,52.98,238.09,238.75,238.91,239.07,238.8825,51.12,10.72
5/24/2017,240.61,48761320,0.23%,56.12,239.05,238.93,238.98,239.22,238.993,50.99,10.02
5/25/2017,241.76,63952460,0.48%,57.06,240.05,239.95,239.22,239.49,239.151,48.57,9.99
5/26/2017,241.71,46547760,-0.02%,57.73,240.73,240.60,239.49,239.67,239.3325,49.58,9.81
5/30/2017,241.50,35144010,-0.09%,57.69,241.13,240.99,239.61,239.86,239.4735,49.63,10.38
5/31/2017,241.44,90456540,-0.02%,57.73,241.40,241.23,239.75,239.95,239.607,48.29,10.41
6/1/2017,243.36,68657470,0.80%,56.06,241.95,242.06,240.50,240.41,239.851,48.32,9.89
6/2/2017,244.17,88562440,0.33%,63.84,242.44,242.69,241.24,241.17,240.1215,47.68,9.75
6/5/2017,243.99,44657990,-0.07%,67.55,242.89,242.95,241.81,241.74,240.336,47.40,10.07
6/6/2017,243.21,50250970,-0.32%,63.52,243.23,243.00,242.18,242.07,240.5135,48.13,10.45
6/7/2017,243.66,53896140,0.19%,61.01,243.68,243.38,242.54,242.45,240.7245,45.80,10.39
6/8/2017,243.78,65450200,0.05%,87.69,243.76,243.71,242.86,242.77,240.92,45.68,10.16
6/9/2017,243.41,132130500,-0.15%,86.62,243.61,243.64,243.02,242.96,241.1215,45.82,10.70
6/12/2017,243.36,85851610,-0.02%,80.36,243.48,243.53,243.19,243.08,241.3405,46.10,11.46
6/13/2017,244.55,59719680,0.49%,76.52,243.75,243.84,243.49,243.44,241.553,46.41,10.42
6/14/2017,244.24,78152710,-0.13%,78.48,243.87,243.91,243.77,243.63,241.761,44.79,10.64
6/15/2017,243.77,66366470,-0.19%,73.73,243.87,243.84,243.81,243.77,242.1585,44.47,10.90
6/16/2017,242.64,83932400,-0.46%,64.42,243.71,243.46,243.66,243.60,242.452,44.73,10.38
6/19/2017,244.66,64836890,0.83%,55.78,243.97,244.03,243.73,243.84,242.7695,44.24,10.37
6/20/2017,243.01,56516390,-0.67%,66.02,243.66,243.65,243.71,243.60,242.944,43.34,10.86
6/21/2017,242.95,55784180,-0.02%,56.86,243.41,243.43,243.64,243.57,243.089,42.48,10.75
6/22/2017,242.84,44068300,-0.05%,47.86,243.22,243.22,243.54,243.49,243.2005,42.53,10.48
6/23/2017,243.13,66839890,0.12%,42.52,243.32,243.19,243.52,243.47,243.269,42.86,10.02
6/26/2017,243.29,56556170,0.07%,45.22,243.04,243.31,243.51,243.47,243.348,43.24,9.90
6/27/2017,241.33,82144080,-0.81%,50.48,242.71,242.47,243.19,243.11,243.3395,44.25,11.06
6/28/2017,243.49,69904140,0.90%,38.22,242.82,242.97,243.11,243.24,243.442,44.74,10.03
6/29/2017,241.35,106617800,-0.88%,48.78,242.52,242.33,242.87,242.79,243.3415,44.88,11.44
6/30/2017,241.80,85199080,0.19%,42.48,242.25,242.28,242.79,242.67,243.223,46.02,11.18
7/3/2017,242.21,39153810,0.17%,44.47,242.04,242.24,242.54,242.68,243.134,,11.22
7/5/2017,242.77,54252310,0.23%,41.22,242.32,242.28,242.52,242.58,243.112,45.11,11.07
7/6/2017,240.55,65968410,-0.91%,44.58,241.74,241.73,242.28,242.16,242.9565,45.52,12.54
7/7/2017,242.11,57080980,0.65%,39.49,241.89,241.86,242.20,242.25,242.873,44.25,11.19
7/10/2017,242.37,36531030,0.11%,48.32,242.00,242.05,242.13,242.23,242.821,44.40,11.11
7/11/2017,242.19,50246650,-0.07%,41.82,242.00,242.06,242.02,242.14,242.7625,45.06,10.89
7/12/2017,244.01,59173800,0.75%,46.73,242.25,242.67,242.29,242.38,242.7355,45.48,10.30
7/13/2017,244.42,39374380,0.17%,53.71,243.02,242.97,242.38,242.67,242.7445,46.06,9.90
7/14/2017,245.56,60218150,0.47%,55.42,243.71,243.87,242.80,242.96,242.834,46.53,9.51
7/17/2017,245.53,33455300,-0.01%,57.87,244.34,244.32,243.17,243.30,242.9785,46.02,9.82
7/18/2017,245.66,42462230,0.05%,57.32,245.04,244.78,243.52,243.62,243.0285,46.40,9.89
7/19/2017,246.99,50876400,0.54%,66.07,245.63,245.69,243.94,244.15,243.2275,47.10,9.79
7/20/2017,247.10,46994570,0.04%,63.84,246.17,246.12,244.59,244.51,243.435,46.73,9.58
7/21/2017,246.88,88656800,-0.09%,77.10,246.43,246.41,245.07,245.01,243.637,45.78,9.36
7/24/2017,246.82,46497170,-0.02%,74.47,246.69,246.56,245.52,245.39,243.8215,46.21,9.43
7/25/2017,247.42,54492150,0.24%,72.98,247.04,246.93,246.04,245.86,244.028,47.77,9.43
7/26/2017,247.43,47318940,0.00%,73.09,247.13,247.17,246.38,246.29,244.333,48.58,9.60
7/27/2017,247.20,70410610,-0.09%,93.77,247.15,247.15,246.66,246.53,244.5185,49.05,10.11
7/28/2017,246.91,50018870,-0.12%,88.97,247.16,247.07,246.79,246.70,244.7965,49.72,10.29
7/31/2017,246.77,65446360,-0.06%,84.60,247.15,247.03,246.92,246.79,245.045,50.21,10.26
8/1/2017,247.32,54942570,0.22%,85.12,247.13,247.20,247.08,246.99,245.3005,49.19,10.09
8/2/2017,247.44,46641310,0.05%,81.52,247.13,247.23,247.13,247.15,245.534,49.60,10.28
8/3/2017,246.96,40725660,-0.19%,80.44,247.08,247.07,247.12,247.10,245.8545,49.03,10.44
8/4/2017,247.41,60164150,0.18%,66.28,247.18,247.19,247.17,247.17,246.1195,49.57,10.03
8/7/2017,247.87,31853630,0.19%,69.92,247.40,247.41,247.27,247.30,246.3945,49.37,9.93
8/8/2017,247.26,61437080,-0.25%,71.88,247.39,247.35,247.26,247.27,246.648,49.07,10.96
8/9/2017,247.25,62302650,0.00%,53.12,247.35,247.34,247.24,247.26,246.81,49.59,11.11
8/10/2017,243.76,119874200,-1.41%,51.77,246.71,246.15,246.90,246.61,246.777,48.54,16.04
8/11/2017,244.12,74719460,0.15%,29.20,246.05,245.85,246.62,246.39,246.705,48.81,15.51
8/14/2017,246.54,73068140,0.99%,32.69,245.79,246.21,246.59,246.60,246.7555,47.59,12.33
8/15/2017,246.51,55046030,-0.01%,45.43,245.64,246.03,246.51,246.58,246.798,47.57,12.04
8/16/2017,246.94,56456130,0.17%,45.23,245.57,246.07,246.46,246.59,246.7955,46.80,11.74
8/17/2017,243.09,127904900,-1.56%,48.68,245.44,244.75,246.08,245.85,246.595,47.07,15.55
8/18/2017,242.71,136647500,-0.16%,35.75,245.16,244.53,245.61,245.46,246.3865,48.59,14.26
8/21/2017,242.90,65355480,0.08%,35.12,244.43,244.41,245.11,245.11,246.1905,47.39,13.19
8/22/2017,245.44,62968970,1.05%,33.36,244.22,244.77,244.93,245.17,246.0915,47.65,11.35
8/23/2017,244.56,49991840,-0.36%,43.63,243.74,244.33,244.66,244.86,245.948,48.45,12.25
8/24/2017,243.99,50537170,-0.23%,42.55,243.92,243.82,244.68,244.54,245.7875,47.24,12.23
8/25/2017,244.56,63764770,0.23%,39.46,244.29,244.13,244.72,244.66,245.67,47.65,11.28
8/28/2017,244.57,38914700,0.00%,39.87,244.62,244.38,244.53,244.70,245.56,46.40,11.32
8/29/2017,244.85,50873040,0.11%,41.45,244.51,244.70,244.36,244.59,245.4365,46.46,11.70
8/30/2017,246.01,61742150,0.47%,42.50,244.80,245.01,244.27,244.66,245.365,45.96,11.22
8/31/2017,247.49,102987700,0.60%,58.23,245.50,245.69,244.71,244.85,245.3915,47.26,10.59
9/1/2017,247.84,61928670,0.14%,61.39,246.15,246.28,245.22,245.28,245.413,47.32,10.13
9/5/2017,246.06,90176820,-0.72%,55.11,246.45,246.12,245.54,245.37,245.3225,48.63,12.23
9/6/2017,246.90,57577360,0.34%,48.45,246.86,246.60,245.68,245.78,245.3045,49.13,11.63
9/7/2017,246.87,57769340,-0.01%,49.87,247.03,246.86,245.91,245.90,245.2855,49.10,11.55
9/8/2017,246.58,63733100,-0.12%,67.09,246.85,246.88,246.17,246.04,245.4265,47.44,12.12
9/11/2017,249.21,71248670,1.07%,67.64,247.12,247.64,246.64,246.73,245.681,48.06,10.73
9/12/2017,250.05,56617170,0.34%,73.53,247.92,248.10,247.19,247.26,245.8565,48.21,10.58
9/13/2017,250.17,58999620,0.05%,69.68,248.58,248.67,247.72,247.73,246.0395,49.30,10.50
9/14/2017,250.09,94415520,-0.03%,75.62,249.22,249.08,248.13,248.15,246.197,49.86,10.44
9/15/2017,249.19,94195140,-0.36%,79.16,249.74,249.21,248.30,248.32,246.502,49.90,10.17
9/18/2017,249.72,46389770,0.21%,71.46,249.84,249.73,248.48,248.55,246.8525,49.88,10.15
9/19/2017,249.97,46977870,0.10%,72.77,249.83,249.89,248.88,248.75,247.206,49.54,10.18
9/20/2017,250.06,59451260,0.04%,72.70,249.81,249.91,249.19,249.09,247.437,50.29,9.78
9/21/2017,249.39,48070470,-0.27%,69.83,249.67,249.67,249.44,249.23,247.6785,50.58,9.67
9/22/2017,249.44,51187270,0.02%,60.11,249.72,249.59,249.73,249.44,247.951,50.33,9.59
9/25/2017,248.93,56897290,-0.20%,58.79,249.56,249.45,249.70,249.58,248.1695,51.85,10.21
9/26/2017,249.08,54025690,0.06%,68.33,249.38,249.40,249.60,249.59,248.395,51.59,10.17
9/27/2017,250.05,80720860,0.39%,65.27,249.38,249.60,249.59,249.69,248.655,52.14,9.87
9/28/2017,250.35,44658490,0.12%,69.68,249.57,249.70,249.62,249.73,248.872,51.62,9.55
9/29/2017,251.23,85201140,0.35%,73.30,249.93,250.12,249.82,249.91,249.059,51.67,9.51
10/2/2017,252.32,58696810,0.43%,65.93,250.61,250.73,250.08,250.28,249.283,50.59,9.45
10/3/2017,252.86,66628100,0.21%,67.22,251.36,251.36,250.37,250.59,249.623,50.44,9.51
10/4/2017,253.16,55799300,0.12%,69.19,251.98,251.96,250.68,250.88,249.936,50.00,9.63
10/5/2017,254.66,63350340,0.59%,71.23,252.85,252.88,251.21,251.40,250.3255,50.79,9.19
10/6/2017,254.37,80525280,-0.11%,84.93,253.47,253.35,251.70,251.78,250.715,49.34,9.65
10/9/2017,253.95,35697230,-0.17%,80.63,253.80,253.63,252.20,252.11,250.952,49.58,10.33
10/10/2017,254.62,42854370,0.26%,75.64,254.15,254.07,252.76,252.64,251.1805,50.93,10.08
10/11/2017,255.02,47496390,0.16%,77.34,254.52,254.44,253.25,253.17,251.423,51.30,9.85
10/12/2017,254.64,46825470,-0.15%,84.88,254.52,254.56,253.68,253.51,251.6505,50.61,9.91
10/13/2017,254.95,55027240,0.12%,80.95,254.64,254.66,254.06,253.91,251.9385,51.43,9.61
10/16/2017,255.29,38097990,0.13%,86.71,254.90,254.85,254.35,254.28,252.217,51.86,9.91
10/17/2017,255.47,31446710,0.07%,87.01,255.07,255.09,254.61,254.56,252.492,51.87,10.31
10/18/2017,255.72,40613860,0.10%,85.66,255.21,255.29,254.87,254.81,252.775,52.05,10.07
10/19/2017,255.79,61697310,0.03%,85.56,255.44,255.41,254.98,255.04,253.095,51.29,10.05
10/20/2017,257.11,89064780,0.52%,83.83,255.88,256.00,255.26,255.37,253.4785,51.63,9.97
10/23/2017,256.11,63838430,-0.39%,84.36,256.04,255.95,255.47,255.41,253.8375,51.91,11.07
10/24/2017,256.56,65036180,0.18%,71.87,256.26,256.21,255.67,255.67,254.2115,52.32,11.16
10/25/2017,255.29,103485100,-0.50%,72.43,256.17,255.94,255.69,255.60,254.4735,51.97,11.23
10/26/2017,255.62,69643520,0.13%,54.29,256.14,255.99,255.79,255.68,254.737,52.41,11.30
10/27/2017,257.71,85252510,0.82%,58.46,256.26,256.66,256.07,256.14,255.061,53.92,9.80
10/30/2017,256.75,54223350,-0.37%,70.75,256.39,256.42,256.21,256.19,255.2825,54.11,10.50
10/31/2017,257.15,59193910,0.16%,61.39,256.50,256.64,256.38,256.38,255.497,54.36,10.18
11/1/2017,257.49,54104920,0.13%,61.39,256.94,256.83,256.56,256.58,255.7135,54.32,10.20
11/2/2017,257.59,56264600,0.04%,65.31,257.34,257.16,256.74,256.75,255.86,54.55,9.93
11/3/2017,258.45,59484150,0.33%,64.51,257.49,257.71,256.87,257.05,256.064,55.63,9.14
11/6/2017,258.85,49529150,0.15%,66.42,257.91,257.94,257.15,257.23,256.309,57.34,9.40
11/7/2017,258.67,57178400,-0.07%,67.17,258.21,258.16,257.36,257.42,256.5115,57.19,9.89
11/8/2017,259.11,50277640,0.17%,65.10,258.53,258.51,257.74,257.68,256.716,56.82,9.78
11/9/2017,258.17,94490930,-0.36%,66.37,258.65,258.41,257.99,257.82,256.8925,57.16,10.50
11/10/2017,258.09,59830970,-0.03%,55.43,258.58,258.46,258.03,258.01,257.0495,56.75,11.29
11/13/2017,258.33,50040800,0.09%,61.20,258.47,258.50,258.19,258.09,257.2015,56.77,11.50
11/14/2017,257.73,61082090,-0.23%,60.25,258.29,258.23,258.25,258.11,257.3145,55.67,11.59
11/15/2017,256.44,80248990,-0.50%,65.33,257.75,257.67,258.14,257.92,257.3505,55.28,13.13
11/16/2017,258.62,67487850,0.85%,54.60,257.84,258.04,258.25,258.23,257.492,55.14,11.76
11/17/2017,257.86,75679800,-0.29%,55.05,257.80,257.85,258.19,258.18,257.5295,56.21,11.43
11/20/2017,258.30,47835520,0.17%,56.30,257.79,257.96,258.13,258.21,257.639,56.21,10.65
11/21/2017,259.99,68920380,0.65%,56.50,258.24,258.52,258.26,258.47,257.8105,56.84,9.73
11/22/2017,259.76,44890370,-0.09%,62.25,258.91,258.75,258.33,258.54,258.034,57.88,9.88
11/24/2017,260.36,27856510,0.23%,60.50,259.25,259.39,258.55,258.70,258.271,58.94,9.67
11/27/2017,260.23,52070370,-0.05%,59.48,259.73,259.58,258.76,258.85,258.397,58.10,9.87
11/28/2017,262.87,98662580,1.01%,57.04,260.64,260.78,259.22,259.51,258.703,57.96,10.03
11/29/2017,262.71,77179920,-0.06%,67.13,261.19,261.33,259.71,259.85,258.981,57.25,10.70
11/30/2017,265.01,126401000,0.88%,65.03,262.24,262.46,260.57,260.68,259.357,57.40,11.28
12/1/2017,264.46,163874800,-0.21%,75.64,263.06,262.98,261.16,261.28,259.7005,58.35,11.43
12/4/2017,264.14,93827280,-0.12%,73.06,263.84,263.42,261.78,261.70,259.985,57.48,11.68
12/5/2017,263.19,77839930,-0.36%,70.91,263.90,263.62,262.27,262.04,260.202,57.66,11.33
12/6/2017,263.24,75513050,0.02%,69.17,264.01,263.68,262.60,262.45,260.4305,55.79,11.02
12/7/2017,264.07,76832360,0.32%,76.15,263.82,264.03,263.03,262.86,260.6785,56.50,10.16
12/8/2017,265.51,76301480,0.55%,73.39,264.03,264.38,263.54,263.48,261.0455,57.15,9.58
12/11/2017,266.31,82848590,0.30%,81.02,264.46,264.79,264.15,264.05,261.4565,57.84,9.34
12/12/2017,266.78,84494560,0.18%,81.56,265.18,265.24,264.54,264.63,261.879,57.12,9.92
12/13/2017,266.75,102819600,-0.01%,79.60,265.88,265.70,264.95,264.94,262.33,56.59,10.18
12/14/2017,265.66,99647210,-0.41%,81.01,266.20,265.81,265.01,265.08,262.791,57.00,10.49
12/15/2017,266.51,142356000,0.32%,72.53,266.40,266.30,265.22,265.28,263.1855,57.29,9.42
12/18/2017,268.20,83360810,0.63%,75.16,266.78,267.00,265.62,265.76,263.7025,57.17,9.53
12/19/2017,267.17,78001550,-0.38%,73.11,266.86,266.91,266.02,265.90,264.146,57.49,10.03
12/20/2017,267.03,76604710,-0.05%,67.98,266.91,266.92,266.40,266.20,264.498,58.09,9.72
12/21/2017,267.58,65925710,0.21%,59.86,267.30,267.14,266.75,266.61,264.889,58.34,9.62
12/22/2017,267.51,78657310,-0.03%,65.23,267.50,267.37,266.95,266.89,265.2465,58.25,9.90
12/26/2017,267.19,45106430,-0.12%,66.87,267.30,267.40,267.04,266.99,265.5945,59.55,10.25
12/27/2017,267.32,57677280,0.05%,71.37,267.33,267.30,267.09,267.09,265.817,59.67,10.47
12/28/2017,267.87,44797000,0.21%,71.61,267.49,267.51,267.20,267.23,266.075,59.84,10.18
12/29/2017,266.86,95651160,-0.38%,70.74,267.35,267.28,267.32,267.14,266.1675,60.46,11.04
1/2/2018,268.77,86408820,0.72%,57.73,267.60,267.82,267.55,267.59,266.383,60.37,9.77
1/3/2018,270.47,89133670,0.63%,62.50,268.26,268.56,267.78,268.08,266.6995,61.61,9.15
1/4/2018,271.61,80455860,0.42%,66.67,269.12,269.38,268.22,268.47,267.1205,61.98,9.22
1/5/2018,273.42,82724160,0.67%,69.95,270.23,270.55,268.86,269.17,267.6295,61.49,9.22
1/8/2018,273.92,57116850,0.18%,80.08,271.64,271.46,269.49,269.78,268.122,61.73,9.52
1/9/2018,274.54,57114650,0.23%,79.52,272.79,272.61,270.20,270.41,268.5735,62.92,10.08
1/10/2018,274.12,69394220,-0.15%,77.61,273.52,273.23,270.89,270.91,268.964,63.60,9.82
1/11/2018,276.12,62236650,0.73%,81.97,274.42,274.39,271.77,271.84,269.431,63.81,9.88
1/12/2018,277.92,90463870,0.65%,85.70,275.32,275.59,272.78,272.89,269.9895,64.22,10.16
1/16/2018,276.97,106269200,-0.34%,86.98,275.93,275.87,273.79,273.54,270.555,63.82,11.66
1/17/2018,279.61,112844200,0.95%,81.83,276.95,277.16,274.87,274.84,271.21,63.92,11.91
1/18/2018,279.14,100397600,-0.17%,86.15,277.95,277.68,275.74,275.65,271.757,63.96,12.22
1/19/2018,280.41,141303100,0.45%,83.73,278.81,278.77,276.62,276.59,272.419,63.38,11.27
1/22/2018,282.69,91146870,0.81%,84.37,279.76,280.10,277.54,277.72,273.202,63.66,11.03
1/23/2018,283.29,96892090,0.21%,90.57,281.03,280.94,278.48,278.59,273.9875,64.45,11.10
1/24/2018,283.18,134617200,-0.04%,89.89,281.74,281.75,279.35,279.34,274.771,65.69,11.47
1/25/2018,283.30,84342320,0.04%,88.26,282.57,282.26,280.26,280.06,275.5765,65.62,11.58
1/26/2018,286.58,107598800,1.16%,87.49,283.81,283.91,281.31,281.41,276.5395,66.27,11.08
1/29/2018,284.68,89891820,-0.66%,88.57,284.21,284.10,281.99,281.92,277.38,65.71,13.84
1/30/2018,281.76,131479000,-1.03%,79.14,283.90,283.39,282.46,281.94,278.125,64.64,14.79
1/31/2018,281.90,118655600,0.05%,67.39,283.64,283.23,282.69,282.36,278.7815,64.82,13.54
2/1/2018,281.58,89757330,-0.11%,68.99,283.30,282.96,282.94,282.49,279.337,65.92,13.47
2/2/2018,275.45,172897100,-2.18%,64.52,281.07,280.68,282.44,281.58,279.529,65.50,17.31
2/5/2018,263.93,292453400,-4.18%,44.66,276.92,275.36,280.57,279.08,279.0545,64.18,37.32
2/6/2018,269.13,353681700,1.97%,30.65,274.40,274.33,279.15,278.49,278.815,63.48,29.98
2/7/2018,267.67,166678000,-0.54%,35.55,271.55,272.16,277.60,277.06,278.4715,61.91,27.73
2/8/2018,257.63,244841900,-3.75%,34.60,266.76,266.91,275.03,273.97,277.647,61.30,33.46
2/9/2018,261.50,283273100,1.50%,25.25,263.97,265.01,272.52,272.57,276.916,59.20,29.06
2/12/2018,265.34,140752800,1.47%,27.75,264.25,264.43,270.59,271.22,276.287,59.41,25.61
2/13/2018,266.00,81055770,0.25%,32.35,263.63,264.84,269.01,269.75,275.7385,59.33,24.97
2/14/2018,269.59,120406400,1.35%,33.29,264.01,265.62,267.78,269.12,275.2375,60.70,19.26
2/15/2018,273.03,110226800,1.28%,37.51,267.09,267.02,266.93,268.74,274.932,61.48,19.13
2/16/2018,273.11,160341500,0.03%,37.69,269.41,269.10,266.69,268.05,274.567,61.89,19.46
2/20/2018,271.40,85431860,-0.63%,39.13,270.63,270.08,267.44,267.55,274.0025,61.91,20.60
2/21/2018,270.05,97671020,-0.50%,40.04,271.44,270.43,267.53,267.91,273.3405,61.73,20.02
2/22/2018,270.40,108484800,0.13%,38.86,271.60,271.09,267.81,268.05,272.7015,62.72,18.72
2/23/2018,274.71,92045650,1.59%,39.50,271.93,272.64,269.51,269.06,272.272,63.52,16.49
2/26/2018,277.90,85166420,1.16%,49.28,272.89,273.92,271.15,271.04,271.838,63.81,15.80
2/27/2018,274.43,98302760,-1.25%,66.21,273.50,273.40,272.06,271.75,271.3255,62.94,18.59
2/28/2018,271.65,121488400,-1.01%,56.41,273.82,272.88,272.63,271.99,270.82,61.43,19.85
3/1/2018,267.70,176457600,-1.45%,54.66,273.28,271.78,272.44,271.73,270.11,60.98,22.47
3/2/2018,269.08,138968000,0.52%,63.76,272.15,271.88,272.04,271.83,269.485,61.19,19.59
3/5/2018,272.19,96744650,1.16%,61.11,271.01,272.16,271.95,272.07,269.322,62.49,18.73
3/6/2018,272.88,75247670,0.25%,60.26,270.70,271.63,272.10,272.12,269.7695,62.54,18.36
3/7/2018,272.78,86910350,-0.04%,60.30,270.93,271.39,272.37,272.22,269.952,61.09,17.76
3/8/2018,274.10,66585910,0.48%,55.33,272.21,271.98,272.74,272.69,270.2735,60.13,16.54
3/9/2018,278.87,113447100,1.74%,51.93,274.16,274.43,273.16,273.86,271.3355,62.02,14.64
3/12/2018,278.52,71759540,-0.13%,58.87,275.43,275.62,273.22,274.13,272.1865,61.35,15.78
3/13/2018,276.72,89639370,-0.65%,61.44,276.20,275.86,273.45,273.86,272.7555,60.69,16.35
3/14/2018,275.30,105737200,-0.51%,60.56,276.70,275.90,273.81,273.79,273.2205,60.89,17.23
3/15/2018,275.00,80722410,-0.11%,57.51,276.88,276.13,274.54,274.03,273.491,61.16,16.59
3/16/2018,274.20,99805450,-0.29%,50.51,275.95,275.99,275.06,274.48,273.5495,62.29,15.80
3/19/2018,270.49,108516000,-1.35%,42.95,274.34,274.13,274.89,274.23,273.4185,62.01,19.02
3/20/2018,270.95,59438810,0.17%,42.56,273.19,273.21,274.69,274.17,273.396,63.37,18.20
3/21/2018,270.43,78515750,-0.19%,48.55,272.21,272.27,274.46,273.92,273.415,65.10,17.86
3/22/2018,263.67,147715200,-2.50%,56.58,269.95,269.37,273.42,272.50,273.0785,64.25,23.34
3/23/2018,258.05,183290800,-2.13%,39.64,266.72,265.98,271.33,270.62,272.2455,65.80,24.87
3/26/2018,265.11,141055300,2.74%,25.30,265.64,266.18,269.99,270.20,271.606,65.49,21.03
3/27/2018,260.60,129121800,-1.70%,38.90,263.57,263.96,268.38,268.28,270.9145,65.21,22.50
3/28/2018,259.83,146259600,-0.30%,34.54,261.45,262.32,266.83,266.83,270.3235,64.30,22.87
3/29/2018,263.15,123918900,1.28%,31.63,261.35,262.02,265.65,266.16,270.096,64.87,19.97
4/2/2018,257.47,185059000,-2.16%,28.98,261.23,260.06,263.98,264.16,269.5155,63.05,23.62
4/3/2018,260.77,119649600,1.28%,25.37,260.36,261.08,263.00,263.39,268.9445,63.41,21.10
4/4/2018,263.56,123488600,1.07%,31.97,260.96,261.43,262.26,263.10,268.4785,63.35,20.06
4/5/2018,265.64,80939550,0.79%,37.13,262.12,262.52,261.79,262.88,268.1215,63.53,18.94
4/6/2018,259.72,179290700,-2.23%,40.12,261.43,261.32,261.39,261.41,267.4025,62.03,21.49
4/9/2018,261.00,104953500,0.49%,36.21,262.14,261.29,261.69,261.32,266.509,63.40,21.77
4/10/2018,265.15,105267300,1.59%,40.52,263.01,263.14,261.69,262.31,265.8405,65.48,20.47
4/11/2018,263.76,91002710,-0.52%,44.61,263.05,263.26,262.01,262.07,265.1925,66.81,20.24
4/12/2018,265.93,68430410,0.82%,43.90,263.11,264.01,262.62,262.72,264.724,67.07,18.49
4/13/2018,265.15,84883690,-0.29%,52.26,264.20,263.79,262.82,263.08,264.2315,67.35,17.41
4/16/2018,267.33,62762920,0.82%,57.85,265.46,265.24,263.80,263.64,263.888,66.23,16.56
4/17/2018,270.19,64011070,1.07%,52.75,266.47,267.04,264.74,264.96,263.873,66.50,15.25
4/18/2018,270.39,57073780,0.07%,62.40,267.80,267.78,265.43,265.77,263.845,68.44,15.60
4/19/2018,268.89,77570630,-0.55%,63.86,268.39,268.16,265.75,266.06,263.768,68.30,15.96
4/20/2018,266.61,99469420,-0.85%,57.91,268.68,267.80,266.44,265.91,263.915,68.26,16.88
4/23/2018,266.57,65463180,-0.02%,63.90,268.53,267.98,267.00,266.46,264.341,67.61,16.34
4/24/2018,262.98,112734000,-1.35%,59.79,267.09,266.68,266.78,266.27,264.2345,67.66,18.02
4/25/2018,263.63,103238300,0.25%,49.05,265.74,265.94,266.77,266.21,264.386,68.00,17.84
4/26/2018,266.31,67441210,1.02%,46.53,265.22,265.93,266.81,266.68,264.71,68.18,16.24
4/27/2018,266.56,57021920,0.09%,62.80,265.21,265.67,266.95,266.76,264.8805,68.11,15.41
4/30/2018,264.51,80475460,-0.77%,61.25,264.80,264.98,266.66,266.50,265.2325,68.56,15.93
5/1/2018,264.98,75986700,0.18%,48.59,265.20,264.86,266.14,266.36,265.443,67.28,15.49
5/2/2018,263.20,85501550,-0.67%,52.81,265.11,264.53,265.42,265.61,265.425,67.91,15.97
5/3/2018,262.62,136144700,-0.22%,43.59,264.37,264.28,264.80,264.91,265.274,68.45,15.90
5/4/2018,266.02,91154240,1.29%,44.01,264.27,264.92,264.74,265.02,265.589,69.71,14.77
5/7/2018,266.92,55054350,0.34%,47.07,264.75,265.15,264.77,265.13,265.885,70.74,14.75
5/8/2018,266.92,67338050,0.00%,41.97,265.14,265.47,265.17,265.16,265.9735,68.83,14.71
5/9/2018,269.50,59538590,0.97%,41.40,266.40,266.59,265.75,265.95,266.2605,71.16,13.42
5/10/2018,272.02,70764000,0.94%,51.44,268.28,268.27,266.33,266.89,266.565,71.36,13.23
5/11/2018,272.85,59725680,0.31%,62.59,269.64,269.80,266.95,267.51,266.95,70.69,12.65
5/14/2018,272.98,54702570,0.05%,64.09,270.85,270.75,267.80,268.05,267.2325,71.01,12.93
5/15/2018,271.10,86876380,-0.69%,76.57,271.69,270.94,268.41,268.40,267.278,71.34,14.63
5/16/2018,272.24,53759700,0.42%,68.63,272.24,271.87,269.32,269.11,267.3705,71.43,13.42
5/17/2018,272.01,56371150,-0.08%,66.02,272.24,272.16,270.26,269.81,267.5265,71.47,13.43
5/18/2018,271.33,64174990,-0.25%,64.74,271.93,271.93,270.79,270.45,267.7625,71.23,13.42
5/21/2018,273.37,57738110,0.75%,69.92,272.01,272.41,271.43,271.26,268.1025,72.26,13.08
5/22/2018,272.61,52880880,-0.28%,72.45,272.31,272.21,272.00,271.65,268.584,72.09,13.22
5/23/2018,273.36,64605540,0.28%,76.63,272.54,272.66,272.39,272.25,269.0705,71.85,12.58
5/24/2018,272.80,75966080,-0.20%,80.10,272.69,272.62,272.47,272.46,269.395,70.77,12.53
5/25/2018,272.15,56329040,-0.24%,72.60,272.86,272.51,272.40,272.41,269.6745,67.92,13.22
5/29/2018,269.02,115692100,-1.15%,67.73,271.99,271.58,272.00,271.78,269.9,66.80,17.02
5/30/2018,272.61,69396900,1.33%,55.87,271.99,272.20,272.15,272.11,270.2815,68.24,14.94
5/31/2018,270.94,93426970,-0.61%,58.23,271.50,271.64,272.02,271.93,270.6685,66.98,15.43
6/1/2018,273.60,71088010,0.98%,47.01,271.66,272.20,272.18,272.31,271.2175,65.81,13.46
6/4/2018,274.90,45188240,0.48%,51.89,272.21,272.74,272.54,272.67,271.6615,64.76,12.74
6/5/2018,275.10,50988090,0.07%,54.56,273.43,273.18,272.71,273.00,272.0705,65.51,12.40
6/6/2018,277.40,62498610,0.84%,60.33,274.39,274.75,273.19,273.56,272.5945,64.75,11.64
6/7/2018,277.37,72882070,-0.01%,62.57,275.67,275.38,273.59,273.95,272.988,65.96,12.13
6/8/2018,278.19,71981550,0.30%,63.19,276.59,276.51,274.13,274.43,273.2965,65.77,12.18
6/11/2018,278.56,58757260,0.13%,66.76,277.32,277.25,274.77,274.93,273.582,66.10,12.35
6/12/2018,278.92,72240090,0.13%,63.81,278.09,277.86,275.76,275.52,273.879,66.38,12.34
6/13/2018,278.03,78889800,-0.32%,67.16,278.21,278.07,276.30,276.17,274.2255,66.63,12.94
6/14/2018,278.73,76394330,0.25%,62.60,278.49,278.39,277.08,276.74,274.55,66.91,12.12
6/15/2018,277.13,119448800,-0.57%,65.88,278.27,278.03,277.43,277.09,274.806,65.01,11.98
6/18/2018,276.56,52549580,-0.21%,62.69,277.87,277.70,277.60,277.27,275.0675,65.91,12.31
6/19/2018,275.50,97395160,-0.38%,72.10,277.19,277.08,277.64,277.22,275.174,65.09,13.35
6/20/2018,275.97,53652060,0.17%,59.94,276.78,276.78,277.50,277.34,275.342,65.92,12.79
6/21/2018,274.24,70864990,-0.63%,68.87,275.88,275.93,277.18,276.90,275.386,65.68,14.64
6/22/2018,274.74,56516380,0.18%,52.58,275.40,275.50,276.84,276.74,275.483,69.02,13.77
6/25/2018,271.00,137668700,-1.36%,49.31,274.29,273.93,276.08,275.78,275.4255,69.91,17.33
6/26/2018,271.60,68525150,0.22%,36.46,273.51,273.39,275.35,275.27,275.5545,75.23,15.92
6/27/2018,269.35,104838900,-0.83%,28.42,272.19,272.12,274.48,274.26,275.3915,77.41,17.91
6/28/2018,270.89,76511740,0.57%,24.39,271.52,271.75,273.70,273.83,275.389,73.45,16.85
6/29/2018,271.28,97444490,0.14%,27.72,270.82,271.44,273.11,273.26,275.273,74.13,16.09
7/2/2018,271.86,63370550,0.21%,27.80,271.00,271.17,272.64,272.89,275.121,73.89,15.60
7/3/2018,270.90,42187070,-0.35%,28.76,270.86,270.96,272.18,272.33,274.911,74.19,16.14
7/5/2018,273.11,56621680,0.82%,28.64,271.61,271.61,271.90,272.35,274.6965,73.05,14.97
7/6/2018,275.42,66414600,0.85%,34.56,272.51,272.88,272.02,272.54,274.599,73.78,13.37
7/9/2018,277.90,49652160,0.90%,45.48,273.84,274.31,272.33,273.08,274.5845,73.93,12.69
7/10/2018,278.90,51162450,0.36%,53.22,275.25,275.53,273.12,273.53,274.6015,74.11,12.64
7/11/2018,276.86,76905490,-0.73%,58.19,276.44,275.78,273.65,273.80,274.4985,70.47,13.63
7/12/2018,279.37,59986150,0.91%,51.99,277.69,277.42,274.65,274.69,274.5655,70.28,12.58
7/13/2018,279.59,48211510,0.08%,61.10,278.52,278.32,275.52,275.55,274.6085,71.03,12.18
7/16/2018,279.34,48070320,-0.09%,60.62,278.81,278.80,276.33,276.21,274.719,68.22,12.83
7/17/2018,280.47,52171530,0.40%,71.56,279.13,279.36,277.19,277.08,274.9145,68.03,12.06
7/18/2018,281.06,44475860,0.21%,72.32,279.97,279.77,278.20,277.89,275.1925,68.78,12.10
7/19/2018,280.00,61337540,-0.38%,82.15,280.09,279.98,278.89,278.53,275.394,69.42,12.87
7/20/2018,279.68,83120620,-0.11%,75.69,280.11,279.95,279.32,279.03,275.666,70.31,12.86
7/23/2018,280.20,46971110,0.19%,73.78,280.28,280.14,279.55,279.48,275.939,67.90,12.62
7/24/2018,281.61,67830670,0.50%,73.69,280.51,280.72,279.82,279.92,276.4695,70.77,12.41
7/25/2018,284.01,78136310,0.85%,79.67,281.10,281.68,280.53,280.58,277.09,71.13,12.29
7/26/2018,283.34,57764990,-0.24%,79.88,281.77,281.85,280.93,281.04,277.7895,71.59,12.14
7/27/2018,281.42,76745550,-0.68%,73.86,282.12,281.65,281.11,281.02,278.316,68.66,13.03
7/30/2018,279.95,63129490,-0.52%,60.97,282.07,281.39,281.17,280.90,278.7495,71.19,14.26
7/31/2018,281.33,68048690,0.49%,53.18,282.01,281.82,281.26,281.20,279.223,69.88,12.83
8/1/2018,280.86,53750270,-0.17%,64.10,281.38,281.63,281.24,281.19,279.721,68.80,13.15
8/2/2018,282.39,63362570,0.54%,55.39,281.19,281.72,281.48,281.45,280.185,68.95,12.19
8/3/2018,283.60,53903840,0.43%,59.26,281.63,281.99,281.87,281.86,280.594,68.49,11.64
8/6/2018,284.64,39089820,0.37%,63.25,282.56,282.63,282.32,282.37,280.931,69.01,11.27
8/7/2018,285.58,43055550,0.33%,63.04,283.41,283.57,282.71,282.91,281.265,69.17,10.93
8/8/2018,285.46,41980470,-0.04%,63.83,284.33,284.10,282.86,283.21,281.695,66.92,10.85
8/9/2018,285.07,35577000,-0.14%,67.73,284.87,284.58,283.03,283.26,281.98,66.81,11.27
8/10/2018,283.16,76861430,-0.67%,67.42,284.78,284.30,283.20,283.05,282.1585,67.61,13.16
8/13/2018,282.10,65603520,-0.37%,58.78,284.27,283.89,283.42,283.00,282.2965,67.25,14.78
8/14/2018,283.90,43699800,0.64%,51.48,283.94,284.15,283.68,283.51,282.468,67.04,13.31
8/15/2018,281.78,102770900,-0.75%,49.65,283.20,283.22,283.77,283.33,282.504,65.07,14.64
8/16/2018,284.06,69735140,0.81%,45.51,283.00,283.49,283.94,283.82,282.707,65.44,13.45
8/17/2018,285.06,65486180,0.35%,57.45,283.38,283.69,284.08,284.14,282.976,65.93,12.64
8/20/2018,285.67,39617170,0.21%,64.81,284.09,284.14,284.18,284.37,283.2495,66.50,12.49
8/21/2018,286.34,66735600,0.23%,63.17,284.58,284.84,284.26,284.58,283.486,67.32,12.86
8/22/2018,286.17,44860080,-0.06%,66.43,285.46,285.11,284.33,284.61,283.594,67.85,12.25
8/23/2018,285.79,49159070,-0.13%,62.34,285.81,285.57,284.40,284.60,283.7165,69.13,12.41
8/24/2018,287.51,57455140,0.60%,57.56,286.30,286.37,284.84,284.97,284.021,69.71,11.99
8/27/2018,289.78,56960210,0.79%,59.46,287.12,287.46,285.61,285.74,284.5125,69.97,12.16
8/28/2018,289.92,46825850,0.05%,62.73,287.83,288.05,286.21,286.39,284.942,68.54,12.50
8/29/2018,291.48,61428440,0.54%,63.50,288.90,289.05,287.18,287.17,285.473,69.68,12.25
8/30/2018,290.30,61132280,-0.40%,68.12,289.80,289.36,287.80,287.75,285.8685,70.25,13.53
8/31/2018,290.31,65239910,0.00%,71.05,290.36,289.97,288.33,288.26,286.204,69.84,12.86
9/4/2018,289.81,57127320,-0.17%,75.80,290.36,290.18,288.74,288.60,286.4625,69.82,13.16
9/5/2018,289.03,71962480,-0.27%,70.23,290.19,289.92,289.01,288.79,286.635,68.69,13.91
9/6/2018,288.16,65822170,-0.30%,77.32,289.52,289.51,289.21,288.86,286.77,67.81,14.65
9/7/2018,287.60,72113310,-0.19%,67.28,288.98,288.88,289.39,288.92,286.8965,67.73,14.88
9/10/2018,288.10,49916740,0.17%,61.12,288.54,288.69,289.45,289.16,287.1435,67.55,14.16
9/11/2018,289.05,50392160,0.33%,60.74,288.39,288.71,289.38,289.38,287.491,69.29,13.22
9/12/2018,289.12,59732730,0.02%,61.69,288.41,288.63,289.30,289.33,287.752,70.37,13.14
9/13/2018,290.83,50918630,0.59%,62.84,288.94,289.21,289.23,289.57,288.2045,68.60,12.37
9/14/2018,290.88,54931910,0.02%,69.66,289.60,289.59,289.29,289.53,288.5455,68.98,12.07
9/17/2018,289.34,67988580,-0.53%,65.11,289.84,289.51,289.19,289.30,288.7595,68.86,13.68
9/18/2018,290.91,61839370,0.54%,47.89,290.22,290.20,289.30,289.50,289.0215,69.87,12.79
9/19/2018,291.22,48973100,0.11%,54.18,290.64,290.55,289.52,289.65,289.2655,71.08,11.75
9/20/2018,293.58,100066700,0.81%,48.77,291.19,291.62,290.06,290.26,289.636,70.77,11.80
9/21/2018,291.99,105393700,-0.54%,63.92,291.41,291.45,290.50,290.41,289.946,70.80,11.68
9/24/2018,291.02,53235550,-0.33%,56.29,291.74,291.28,290.79,290.60,290.1215,73.23,12.20
9/25/2018,290.75,44311990,-0.09%,54.37,291.71,291.41,290.96,290.79,290.17,73.40,12.42
9/26/2018,289.88,79534430,-0.30%,56.46,291.44,291.10,291.04,290.77,290.168,72.22,12.89
9/27/2018,290.69,59169340,0.28%,56.46,290.87,291.19,291.03,290.98,290.1285,72.18,12.41
9/28/2018,290.72,70041610,0.01%,61.39,290.61,290.82,291.01,290.97,290.1495,73.16,12.12
10/1/2018,291.73,61989950,0.35%,60.00,290.75,290.98,291.25,291.14,290.2205,75.37,12.00
10/2/2018,291.56,47142170,-0.06%,60.18,290.92,291.02,291.31,291.31,290.308,75.16,12.05
10/3/2018,291.72,64562270,0.05%,59.20,291.28,291.18,291.36,291.39,290.4425,76.40,11.61
10/4/2018,289.44,111364900,-0.78%,53.80,291.03,290.67,290.95,291.01,290.5065,74.44,14.22
10/5/2018,287.82,105802000,-0.56%,44.84,290.45,289.96,290.53,290.38,290.5175,74.26,14.82
10/8/2018,287.82,87632150,0.00%,44.58,289.67,289.58,290.21,290.04,290.5035,74.27,15.69
10/9/2018,287.40,74119800,-0.15%,37.59,288.84,288.91,289.88,289.70,290.421,74.95,15.95
10/10/2018,278.30,211986800,-3.17%,34.79,286.16,285.33,288.72,287.77,289.88,73.18,22.96
10/11/2018,272.17,272817700,-2.20%,10.41,282.70,281.49,286.87,285.71,288.947,70.97,24.98
10/12/2018,275.95,182875500,1.39%,8.43,280.33,280.45,285.39,284.88,288.2005,71.41,21.31
10/15/2018,274.40,101950500,-0.56%,21.73,277.64,278.35,283.66,283.39,287.4535,71.84,21.30
10/16/2018,280.40,118066700,2.19%,20.73,276.24,278.56,282.54,283.07,286.928,71.93,17.62
10/17/2018,280.45,110264900,0.02%,35.66,276.67,277.65,281.42,282.16,286.3895,69.63,17.40
10/18/2018,276.40,134193100,-1.44%,34.15,277.52,276.58,280.11,280.50,285.5305,68.63,20.06
10/19/2018,276.25,139420600,-0.05%,30.29,277.58,277.10,278.95,279.41,284.7435,69.16,19.89
10/22/2018,275.01,82135740,-0.45%,28.17,277.70,276.72,277.67,278.24,283.943,69.25,19.64
10/23/2018,273.61,145303800,-0.51%,27.35,276.34,276.34,276.29,276.93,283.086,66.49,20.71
10/24/2018,265.32,175529100,-3.03%,26.03,273.32,272.67,275.00,274.30,281.858,66.56,25.23
10/25/2018,270.08,137407500,1.79%,22.45,272.05,272.24,274.79,274.10,280.8275,67.25,24.22
10/26/2018,265.33,201334300,-1.76%,31.10,269.87,269.81,273.73,273.07,279.558,67.58,24.16
10/29/2018,263.86,159000800,-0.55%,28.24,267.64,267.87,272.67,271.93,278.1645,67.00,24.70
10/30/2018,267.77,156591000,1.48%,27.67,266.47,267.68,271.41,271.78,276.975,66.18,23.35
10/31/2018,270.63,127608600,1.07%,38.92,267.53,267.86,270.43,271.27,275.9205,65.31,21.23
11/1/2018,273.51,98741380,1.06%,48.26,268.22,269.53,270.14,270.99,275.124,63.67,19.34
11/2/2018,271.89,122439600,-0.59%,47.19,269.53,269.44,269.70,270.46,274.3275,63.12,19.51
11/5/2018,273.39,65439740,0.55%,47.11,271.44,270.82,269.54,270.37,273.606,63.12,19.96
11/6/2018,275.12,58983590,0.63%,41.00,272.91,272.67,269.69,270.55,272.992,62.16,19.91
11/7/2018,281.01,102473700,2.14%,43.44,274.98,275.61,271.26,271.75,273.1275,61.69,16.36
11/8/2018,280.50,65315460,-0.18%,55.43,276.38,276.82,272.30,272.94,273.544,60.71,16.72
11/9/2018,277.76,98751520,-0.98%,54.96,277.56,276.84,273.54,273.29,273.6345,60.19,17.36
11/12/2018,272.57,99129960,-1.87%,53.10,277.39,275.89,274.42,273.37,273.543,59.85,20.45
11/13/2018,272.06,97769120,-0.19%,48.92,276.78,275.61,274.84,273.99,273.126,55.63,20.02
11/14/2018,270.20,124389400,-0.68%,58.36,274.62,274.59,274.80,274.00,272.6135,56.16,21.25
11/15/2018,273.02,134732600,1.04%,50.16,273.12,274.09,274.75,274.48,272.4445,56.45,19.98
11/16/2018,273.73,126601900,0.26%,60.83,272.32,273.32,274.94,274.57,272.3185,56.49,18.14
11/19/2018,269.10,102555300,-1.69%,64.21,271.62,271.24,274.51,273.88,272.023,57.16,20.10
11/20/2018,264.12,135506200,-1.85%,51.88,270.03,269.12,273.41,272.62,271.5485,53.39,22.48
11/21/2018,265.02,73868530,0.34%,41.34,269.00,268.36,271.81,271.88,271.5335,54.41,20.80
11/23/2018,263.25,42807880,-0.67%,38.07,267.04,267.08,270.08,270.25,271.192,,21.52
11/26/2018,267.50,79705470,1.61%,37.91,265.80,267.20,269.06,269.61,271.3005,51.46,18.90
11/27/2018,268.40,75273810,0.34%,42.35,265.66,266.67,268.64,268.94,271.5275,51.31,19.02
11/28/2018,274.58,127124600,2.30%,41.08,267.75,268.63,268.89,269.72,271.868,50.06,18.49
11/29/2018,273.98,81616860,-0.22%,41.53,269.54,269.83,269.27,269.82,272.0355,51.46,18.79
11/30/2018,275.65,95107720,0.61%,41.43,272.02,271.58,269.53,270.43,272.1425,50.78,18.07
12/3/2018,279.30,102782300,1.32%,47.15,274.38,274.45,270.09,271.31,272.513,52.98,16.44
12/4/2018,270.25,176092500,-3.24%,59.50,274.75,273.00,270.21,270.12,272.356,53.21,20.74
12/6/2018,269.84,203716500,-0.15%,47.94,273.80,273.11,270.78,270.14,272.092,51.54,21.19
12/7/2018,263.57,160872400,-2.32%,49.58,271.72,270.39,270.63,269.47,271.22,52.76,23.23
12/10/2018,264.07,151022400,0.19%,39.72,269.41,269.17,270.71,269.44,270.3985,51.07,22.64
12/11/2018,264.13,120632500,0.02%,39.44,266.37,267.65,270.38,269.52,269.717,51.65,21.76
12/12/2018,265.46,97670090,0.50%,43.97,265.41,266.07,270.08,269.48,269.3615,51.04,21.46
12/13/2018,265.37,96168730,-0.03%,51.78,264.52,265.40,269.16,269.23,269.027,52.69,20.65
12/14/2018,260.47,116727700,-1.85%,50.48,263.90,263.17,267.81,267.58,268.5405,51.26,21.63
12/17/2018,255.36,165088800,-1.96%,46.51,262.16,261.05,265.78,265.55,267.6575,49.80,24.52
12/18/2018,255.08,133073600,-0.11%,35.09,260.35,259.80,263.36,263.84,266.725,46.12,25.58
12/19/2018,251.26,214312900,-1.50%,33.39,257.51,257.32,261.46,261.16,265.833,47.96,25.58
12/20/2018,247.17,247438000,-1.63%,19.10,253.87,254.06,259.19,258.86,264.9855,45.64,28.38
12/21/2018,240.70,252779300,-2.62%,17.49,249.91,249.48,256.91,255.83,263.7695,45.38,30.11
12/24/2018,234.34,147311600,-2.64%,12.04,245.71,244.72,253.93,252.80,262.324,,36.07
12/26/2018,246.18,217567600,5.05%,3.88,243.93,245.87,252.14,252.52,261.258,46.04,30.41
12/27/2018,248.07,184664900,0.77%,26.64,243.29,245.31,250.40,251.40,260.2415,44.48,29.96
12/28/2018,247.75,152931300,-0.13%,29.47,243.41,244.78,248.64,249.92,258.9,45.15,28.34
12/31/2018,249.92,143399900,0.88%,33.19,245.25,245.58,247.58,248.87,257.697,,25.42
1/2/2019,250.18,126041700,0.10%,35.48,248.42,246.89,247.07,248.06,256.4235,46.31,23.22
1/3/2019,244.21,142029300,-2.39%,35.74,248.03,247.02,245.98,246.55,254.669,46.92,25.45
1/4/2019,252.39,142444500,3.35%,30.17,248.89,249.48,246.09,247.14,253.776,47.76,21.38
1/7/2019,254.38,102307400,0.79%,39.47,250.22,250.72,246.81,247.60,253.003,48.27,21.40
1/8/2019,256.77,101804900,0.94%,44.82,251.59,252.40,248.42,248.62,252.663,49.58,20.47
1/9/2019,257.97,94640560,0.47%,51.26,253.14,253.71,250.78,250.16,252.358,52.19,19.98
1/10/2019,258.88,96462500,0.35%,52.54,256.08,255.06,252.05,252.25,252.0955,52.42,19.50
1/11/2019,258.98,72812270,0.04%,57.05,257.40,257.05,253.14,253.31,251.7715,51.44,18.19
1/14/2019,257.40,69913980,-0.61%,61.80,258.00,257.40,254.11,253.92,251.373,50.31,19.07
1/15/2019,260.35,84892580,1.15%,68.49,258.72,258.78,255.15,255.24,251.367,51.80,18.60
1/16/2019,260.98,77489420,0.24%,81.15,259.32,259.47,256.23,256.21,251.648,52.08,19.04
1/17/2019,262.96,94873800,0.76%,74.23,260.13,260.53,258.11,257.45,252.042,51.83,18.06
1/18/2019,266.46,124175900,1.33%,74.31,261.63,262.24,259.51,259.62,252.802,53.60,17.80
1/22/2019,262.86,115253300,-1.35%,77.67,262.72,262.04,260.36,260.12,253.5865,52.59,20.80
1/23/2019,263.41,84305190,0.21%,68.36,263.33,262.95,261.03,260.92,254.722,52.44,19.52
1/24/2019,263.55,58643080,0.05%,68.62,263.85,263.41,261.58,261.48,256.1825,52.94,18.89
1/25/2019,265.78,96838230,0.85%,82.56,264.41,264.49,262.27,262.35,257.1625,53.53,17.42
1/28/2019,263.76,85027280,-0.76%,78.19,263.87,264.19,262.75,262.54,257.947,51.79,18.87
1/29/2019,263.41,65024130,-0.13%,69.72,263.98,263.72,263.35,262.87,258.73,53.07,19.13
1/30/2019,267.58,92069900,1.58%,65.27,264.82,265.18,264.08,264.12,259.613,54.18,17.66
1/31/2019,269.93,103347200,0.88%,69.45,266.09,266.52,264.97,265.14,260.6005,53.84,16.57
2/1/2019,270.06,85738850,0.05%,71.13,266.95,267.41,265.68,265.90,261.893,55.29,16.14
2/4/2019,271.96,60610790,0.70%,71.16,268.59,268.62,266.23,266.82,262.8715,54.57,15.73
2/5/2019,273.10,79447070,0.42%,77.47,270.53,270.09,267.25,267.48,263.8075,53.69,15.57
2/6/2019,272.74,58009950,-0.13%,75.82,271.56,271.26,268.19,268.25,264.606,53.94,15.38
2/7/2019,270.14,95030290,-0.95%,74.08,271.60,271.09,268.85,268.54,265.2145,52.68,16.37
2/8/2019,270.47,75742440,0.12%,64.34,271.68,271.22,269.32,269.14,265.794,52.75,15.72
2/11/2019,270.62,67807910,0.06%,59.17,271.41,271.33,270.00,269.55,266.376,52.43,15.97
2/12/2019,274.10,71990420,1.29%,71.06,271.61,272.31,271.07,270.75,267.211,53.14,15.43
2/13/2019,274.99,64930780,0.32%,75.04,272.06,272.74,271.81,271.78,267.943,53.84,15.65
2/14/2019,274.38,82409970,-0.22%,75.88,272.91,272.84,272.26,272.28,268.613,54.40,16.22
2/15/2019,277.37,96744830,1.09%,71.00,274.29,274.40,272.99,273.19,269.3335,55.58,14.91
2/19/2019,277.85,58802310,0.17%,81.72,275.74,275.48,273.58,273.87,269.903,56.12,14.88
2/20/2019,278.41,76479570,0.20%,83.46,276.60,276.63,274.11,274.45,270.6805,56.90,14.02
2/21/2019,277.42,63984460,-0.36%,80.13,277.09,276.87,274.58,274.71,271.381,56.95,14.46
2/22/2019,279.14,77132070,0.62%,72.55,278.04,277.77,275.48,275.40,272.1605,57.01,13.51
2/25/2019,279.52,68642630,0.14%,74.95,278.47,278.53,276.38,276.21,272.8475,55.32,14.85
2/26/2019,279.32,56491990,-0.07%,72.66,278.76,278.75,277.25,276.91,273.6255,55.40,15.17
2/27/2019,279.20,56131350,-0.04%,69.76,278.92,278.91,277.76,277.60,274.415,56.92,14.70
2/28/2019,278.68,69048080,-0.19%,70.84,279.17,278.84,278.13,277.93,274.97,57.21,14.78
3/1/2019,280.42,77586110,0.62%,81.82,279.43,279.59,278.73,278.55,275.4945,55.76,13.57
3/4/2019,279.40,106181700,-0.36%,83.55,279.40,279.42,278.94,278.85,275.9615,56.60,14.63
3/5/2019,279.02,58813100,-0.14%,77.96,279.34,279.28,279.05,278.95,276.3145,56.55,14.74
3/6/2019,277.33,74824560,-0.61%,69.52,278.97,278.67,278.95,278.74,276.526,56.22,15.74
3/7/2019,275.01,94692650,-0.84%,58.73,278.24,277.65,278.70,278.23,276.6395,56.60,16.59
3/8/2019,274.46,85634780,-0.20%,52.08,277.04,276.98,278.24,277.93,276.8555,55.77,16.05
3/11/2019,278.44,64752480,1.45%,38.52,276.85,277.51,278.13,278.27,277.254,56.79,14.33
3/12/2019,279.49,79432230,0.38%,51.82,276.95,277.73,278.15,278.38,277.6975,56.89,13.77
3/13/2019,281.34,80111580,0.66%,53.24,277.75,278.41,278.36,278.73,278.0595,58.27,13.41
3/14/2019,281.16,67354180,-0.06%,61.19,278.98,278.89,278.61,278.87,278.368,58.59,13.50
3/15/2019,281.31,80558110,0.05%,56.32,280.35,279.76,278.70,279.10,278.7145,58.51,12.88
3/18/2019,282.33,61813150,0.36%,55.68,281.13,281.01,278.99,279.36,278.9625,59.09,13.10
3/19/2019,282.40,90060530,0.02%,59.08,281.71,281.55,279.33,279.61,279.19,59.12,13.56
3/20/2019,281.55,84349430,-0.30%,59.69,281.75,281.66,279.75,279.73,279.347,60.12,13.91
3/21/2019,284.73,79394020,1.13%,58.52,282.46,282.74,280.72,280.65,279.7125,59.98,13.63
3/22/2019,279.25,122400900,-1.92%,61.78,282.05,281.39,281.20,280.45,279.718,58.87,16.48
3/25/2019,279.04,84898680,-0.08%,49.67,281.39,281.05,281.26,280.81,279.694,58.71,16.33
3/26/2019,281.12,67884060,0.75%,50.04,281.14,281.30,281.42,281.23,279.784,59.87,14.68
3/27/2019,279.65,72092750,-0.52%,58.25,280.76,280.64,281.25,281.10,279.8065,59.39,15.15
3/28/2019,280.71,55987830,0.38%,60.49,279.95,280.74,281.21,281.16,279.908,59.29,14.43
3/29/2019,282.48,81882480,0.63%,63.81,280.60,280.80,281.33,281.44,280.011,60.19,13.71
4/1/2019,285.83,77289510,1.19%,59.89,281.96,282.34,281.68,282.14,280.3325,61.59,13.40
4/2/2019,285.97,39939210,0.05%,63.95,282.93,283.30,282.03,282.46,280.68,62.53,13.36
4/3/2019,286.42,68027480,0.16%,61.02,284.28,284.09,282.52,282.83,281.1345,62.46,13.74
4/4/2019,287.18,48868830,0.27%,62.36,285.58,285.25,282.77,283.37,281.743,62.12,13.58
4/5/2019,288.57,58454610,0.48%,63.41,286.79,286.57,283.70,283.82,282.4485,63.10,12.82
4/8/2019,288.79,53462150,0.08%,64.02,287.39,287.46,284.67,284.62,282.966,64.37,13.18
4/9/2019,287.31,66072820,-0.51%,64.26,287.65,287.36,285.29,285.15,283.357,64.05,14.28
4/10/2019,288.29,52463390,0.34%,62.50,288.03,287.87,286.16,285.84,283.7045,64.62,13.30
4/11/2019,288.21,54940520,-0.03%,58.54,288.23,288.09,286.91,286.53,284.057,63.61,13.02
4/12/2019,290.16,69638530,0.68%,79.02,288.55,288.88,287.67,287.50,284.4995,63.86,12.01
4/15/2019,289.97,49795630,-0.07%,82.36,288.79,289.02,288.09,288.09,284.8815,63.43,12.32
4/16/2019,290.16,52066270,0.07%,78.94,289.36,289.25,288.51,288.46,285.2695,64.01,12.18
4/17/2019,289.45,58028490,-0.24%,87.51,289.59,289.39,288.81,288.68,285.6645,63.74,12.60
4/18/2019,290.02,68662280,0.20%,81.99,289.95,289.73,289.09,289.03,285.929,64.02,12.09
4/22/2019,290.27,39992680,0.09%,80.26,289.97,290.06,289.26,289.31,286.48,65.66,12.42
4/23/2019,292.88,52136160,0.90%,73.72,290.56,290.94,289.67,289.92,287.172,66.24,12.28
4/24/2019,292.23,49470960,-0.22%,79.21,290.97,291.11,290.16,290.14,287.7275,65.96,13.14
4/25/2019,292.05,57578550,-0.06%,74.15,291.49,291.33,290.54,290.51,288.3475,65.23,13.25
4/26/2019,293.41,50868100,0.47%,71.27,292.17,292.13,291.06,291.06,288.9825,63.29,12.73
4/29/2019,293.87,57043380,0.16%,71.19,292.89,292.74,291.43,291.57,289.552,63.39,13.11
4/30/2019,294.02,78594690,0.05%,71.78,293.12,293.27,291.84,291.90,289.9615,63.83,13.12
5/1/2019,291.81,71671870,-0.75%,82.48,293.03,292.68,292.00,291.83,290.2535,63.55,14.80
5/2/2019,291.18,65030170,-0.22%,65.22,292.86,292.41,292.17,291.85,290.4915,61.75,14.42
5/3/2019,294.03,56543650,0.98%,62.26,292.98,293.25,292.58,292.51,290.834,61.98,12.87
5/6/2019,292.82,107198100,-0.41%,64.87,292.77,292.93,292.83,292.62,291.0465,62.30,15.44
5/7/2019,287.93,144729900,-1.67%,60.16,291.55,291.16,292.34,291.94,291.0035,61.41,19.32
5/8/2019,287.53,91568290,-0.14%,44.05,290.70,290.21,291.87,291.46,291.0145,62.13,19.40
5/9/2019,286.66,103471100,-0.30%,44.79,289.79,289.35,291.33,290.92,290.933,61.58,19.10
5/10/2019,288.10,112429300,0.50%,41.03,288.61,289.23,290.80,290.74,290.9275,61.65,16.04
5/13/2019,280.86,127290500,-2.51%,44.55,286.22,286.03,289.49,288.99,290.4625,60.97,20.55
5/14/2019,283.40,77003230,0.90%,25.51,285.31,285.28,288.43,288.39,290.134,61.82,18.06
5/15/2019,285.06,73956410,0.59%,33.30,284.82,285.23,287.76,287.82,289.879,62.03,16.44
5/16/2019,287.70,76749640,0.93%,37.48,285.02,285.78,287.41,287.75,289.7915,62.93,15.29
5/17/2019,285.84,100353000,-0.65%,40.22,284.57,285.30,286.59,287.12,289.5825,62.77,15.96
5/20/2019,283.95,62877610,-0.66%,36.87,285.19,284.36,285.70,286.11,289.2665,63.12,16.31
5/21/2019,286.51,46847090,0.90%,34.43,285.81,285.63,285.56,285.85,288.948,63.02,14.95
5/22/2019,285.63,49482470,-0.31%,41.89,285.93,285.75,285.37,285.57,288.618,61.42,14.75
5/23/2019,282.14,98733850,-1.22%,41.57,284.81,284.66,284.92,284.78,288.1225,57.65,16.92
5/24/2019,282.78,55268100,0.23%,32.29,284.20,284.14,284.39,284.53,287.591,58.40,15.85
5/28/2019,280.15,70029360,-0.93%,34.79,283.44,282.85,284.32,283.62,286.905,58.91,17.50
5/29/2019,278.27,104972900,-0.67%,37.35,281.79,281.72,283.80,283.22,286.1175,58.84,17.90
5/30/2019,279.03,62523780,0.27%,35.63,280.47,280.87,283.20,282.94,285.4785,56.47,17.30
5/31/2019,275.27,86862780,-1.35%,38.12,279.10,278.74,281.96,281.76,284.683,53.49,18.71
6/3/2019,274.57,96427950,-0.25%,31.37,277.46,277.59,280.83,280.61,283.71,53.25,18.86
6/4/2019,280.53,77231890,2.17%,38.72,277.53,278.48,280.49,280.78,283.0955,53.50,16.97
6/5/2019,282.96,71169720,0.87%,45.42,278.47,279.34,280.13,280.94,282.847,51.57,16.09
6/6/2019,284.80,69430380,0.65%,46.73,279.63,280.58,280.05,280.98,282.7105,52.59,15.93
6/7/2019,287.65,74272200,1.00%,45.36,282.10,282.30,280.60,281.43,282.76,53.95,16.30
6/10/2019,288.97,60799050,0.46%,52.80,284.98,284.39,281.22,282.12,282.8035,53.33,15.94
6/11/2019,288.90,58641330,-0.02%,57.92,286.66,286.29,282.10,282.62,283.2055,53.30,15.99
6/12/2019,288.39,47096310,-0.18%,54.09,287.74,287.23,283.11,283.24,283.455,51.13,15.91
6/13/2019,289.58,48945160,0.41%,54.79,288.70,288.35,284.16,284.28,283.681,52.38,15.82
6/14/2019,289.26,52324720,-0.11%,64.02,289.02,288.89,285.56,285.09,283.759,52.47,15.28
6/17/2019,289.37,39205710,0.04%,62.36,289.10,289.14,287.04,286.25,283.9355,51.94,15.35
6/18/2019,292.40,85434820,1.05%,69.45,289.80,290.20,288.23,288.02,284.358,53.86,15.15
6/19/2019,293.06,78674380,0.23%,78.43,290.73,290.89,289.24,289.11,284.6855,53.74,14.33
6/20/2019,295.86,116570000,0.96%,78.34,291.99,292.44,290.34,290.44,285.197,56.88,14.75
6/21/2019,294.00,83309470,-0.63%,93.27,292.94,292.66,290.98,291.01,285.79,57.35,15.40
6/24/2019,293.64,47582730,-0.12%,88.94,293.79,293.17,291.45,291.46,286.333,57.73,15.26
6/25/2019,290.76,82028660,-0.98%,83.88,293.46,292.78,291.63,291.32,286.8635,57.63,16.28
6/26/2019,290.47,51584900,-0.10%,69.70,292.95,292.47,291.84,291.42,287.4735,59.17,16.21
6/27/2019,291.50,40355240,0.35%,65.53,292.07,292.46,292.03,291.78,288.097,59.18,15.82
6/28/2019,293.00,59350930,0.51%,61.72,291.87,292.38,292.41,292.21,288.9835,58.20,15.08
7/1/2019,295.66,79107470,0.91%,62.13,292.28,293.14,293.04,293.00,290.038,58.91,14.06
7/2/2019,296.43,61504540,0.26%,67.60,293.41,293.66,293.44,293.65,290.833,56.00,12.93
7/3/2019,298.80,40898900,0.80%,70.66,295.08,295.21,294.01,294.41,291.625,57.06,12.57
7/5/2019,298.46,51677330,-0.11%,72.34,296.47,296.21,294.27,294.82,292.308,,13.28
7/8/2019,296.82,45841770,-0.55%,72.27,297.23,296.59,294.55,294.74,292.7665,57.35,13.96
7/9/2019,297.19,41101280,0.12%,66.79,297.54,297.22,294.91,295.03,293.1775,57.57,14.09
7/10/2019,298.61,58595560,0.48%,62.26,297.98,297.90,295.69,295.58,293.663,60.28,13.03
7/11/2019,299.31,50889480,0.23%,63.68,298.08,298.42,296.58,296.35,294.209,59.93,12.93
7/12/2019,300.65,40354410,0.45%,59.48,298.52,298.94,297.49,297.32,294.7625,59.99,12.39
7/15/2019,300.75,33910260,0.03%,68.82,299.30,299.26,298.27,298.09,295.337,59.30,12.68
7/16/2019,299.71,40567960,-0.35%,70.42,299.81,299.44,298.67,298.53,295.854,57.44,12.86
7/17/2019,297.74,44102440,-0.66%,78.74,299.63,299.12,298.80,298.50,296.121,56.50,13.97
7/18/2019,298.83,51701690,0.37%,71.07,299.54,299.36,298.81,298.81,296.4095,55.08,13.53
7/19/2019,297.17,71081240,-0.56%,71.17,298.84,298.75,298.68,298.51,296.475,55.42,14.45
7/22/2019,297.90,43687400,0.25%,61.93,298.27,298.53,298.79,298.54,296.67,55.87,13.53
7/23/2019,300.03,44657970,0.72%,57.21,298.33,298.86,299.07,299.01,296.9895,56.58,12.61
7/24/2019,301.44,47213230,0.47%,60.65,299.07,299.37,299.35,299.50,297.5235,55.90,12.07
7/25/2019,300.00,55394090,-0.48%,58.28,299.31,299.38,299.42,299.47,298,55.88,12.74
7/26/2019,302.01,45084080,0.67%,54.52,300.28,300.21,299.56,299.89,298.5255,56.04,12.16
7/29/2019,301.46,38126460,-0.18%,64.91,300.99,300.67,299.63,299.90,298.9485,56.85,12.83
7/30/2019,300.72,45849050,-0.25%,62.14,301.13,300.90,299.73,299.83,299.2015,58.04,13.94
7/31/2019,297.43,104245200,-1.09%,56.24,300.32,299.89,299.70,299.31,299.2515,58.53,16.12
8/1/2019,294.84,142646600,-0.87%,45.18,299.29,298.50,299.30,298.82,299.0535,53.64,17.87
8/2/2019,292.62,116749700,-0.75%,36.00,297.41,297.07,298.85,298.09,298.7615,55.67,17.61
8/5/2019,283.82,178745400,-3.01%,32.23,293.89,292.88,297.44,296.11,298.1115,54.63,24.59
8/6/2019,287.80,120711700,1.40%,24.06,291.30,291.86,296.21,295.68,297.642,53.60,20.17
8/7/2019,287.97,140572300,0.06%,34.77,289.41,290.19,294.87,294.72,297.11,51.14,19.49
8/8/2019,293.62,87713900,1.96%,32.88,289.17,290.81,294.23,294.64,296.8255,52.60,16.91
8/9/2019,291.62,93729960,-0.68%,45.03,288.97,289.98,293.19,293.75,296.374,54.41,17.97
8/12/2019,288.07,65527630,-1.22%,41.51,289.82,288.67,291.85,292.26,295.74,54.98,21.09
8/13/2019,292.55,94792970,1.56%,34.43,290.77,290.73,291.03,291.98,295.382,57.05,17.52
8/14/2019,283.90,135622100,-2.96%,39.28,289.95,288.48,289.68,289.74,294.69,55.16,22.10
8/15/2019,284.65,101929800,0.26%,33.46,288.16,288.18,288.66,288.77,293.981,54.51,21.18
8/16/2019,288.85,85825290,1.48%,31.70,287.60,288.39,288.29,288.70,293.565,54.83,18.47
8/19/2019,292.33,53640150,1.20%,37.65,288.46,289.18,289.14,289.02,293.2865,56.24,16.88
8/20/2019,290.09,51652750,-0.77%,42.20,287.96,289.00,289.37,289.31,292.7895,56.18,17.50
8/21/2019,292.45,49723430,0.81%,43.04,289.67,289.46,289.81,289.93,292.34,55.65,15.80
8/22/2019,292.36,51739290,-0.03%,47.73,291.22,290.57,289.69,290.28,291.958,55.33,16.68
8/23/2019,284.85,149318200,-2.57%,49.74,290.42,289.09,289.01,288.81,291.1,54.08,19.87
8/26/2019,288.00,72620600,1.11%,51.05,289.55,289.61,289.00,288.83,290.427,53.54,19.32
8/27/2019,286.87,68263000,-0.39%,50.21,288.91,288.66,288.44,288.62,289.7345,54.99,20.31
8/28/2019,288.89,59852320,0.70%,48.88,288.19,288.90,288.93,288.52,289.3075,55.76,19.35
8/29/2019,292.58,57998910,1.28%,44.81,288.24,289.66,289.73,289.60,289.1945,56.67,17.88
8/30/2019,292.45,62961780,-0.04%,51.01,289.76,289.64,290.09,290.22,289.186,55.07,18.98
9/3/2019,290.74,69231880,-0.58%,54.99,290.31,290.09,289.93,290.21,289.532,53.91,19.66
9/4/2019,294.04,47003960,1.14%,47.80,291.74,291.55,290.32,290.68,289.844,56.22,17.33
9/5/2019,297.82,83356780,1.29%,64.18,293.53,293.77,290.86,291.69,290.3365,56.33,16.27
9/6/2019,298.05,49584290,0.08%,66.98,294.62,295.03,291.43,292.17,290.558,56.45,15.00
9/9/2019,298.20,51260290,0.05%,63.21,295.77,295.81,292.76,292.66,290.887,57.88,15.27
9/10/2019,298.13,57947100,-0.02%,59.32,297.25,296.56,293.78,293.74,291.39,57.37,15.20
9/11/2019,300.25,68821070,0.71%,63.71,298.49,298.25,295.12,294.95,291.775,55.66,14.61
9/12/2019,301.29,72908750,0.35%,63.41,299.18,299.42,296.36,296.24,292.6445,55.13,14.22
9/13/2019,301.09,62104840,-0.07%,64.87,299.79,299.82,297.21,297.22,293.4665,54.76,13.74
9/16/2019,300.16,58191180,-0.31%,85.74,300.18,299.91,297.98,297.74,294.032,63.10,14.67
9/17/2019,300.92,42904430,0.25%,79.66,300.74,300.43,299.00,298.51,294.4615,59.26,14.44
9/18/2019,301.10,74192090,0.06%,84.90,300.91,300.86,299.70,299.38,295.012,58.19,13.95
9/19/2019,301.08,78099220,-0.01%,83.38,300.87,300.97,300.03,299.95,295.4435,58.19,14.05
9/20/2019,298.28,97455980,-0.93%,79.07,300.31,300.01,300.05,299.71,295.7395,57.92,15.32
9/23/2019,298.21,47541320,-0.02%,66.86,299.92,299.61,300.05,299.72,296.4075,58.69,14.91
9/24/2019,295.87,97367570,-0.78%,73.87,298.91,298.57,299.83,299.29,296.801,57.22,17.05
9/25/2019,297.62,73434080,0.59%,56.23,298.21,298.48,299.56,299.42,297.3385,56.38,15.96
9/26/2019,297.00,58722360,-0.21%,49.21,297.40,297.81,299.13,299.10,297.744,56.24,16.07
9/27/2019,295.40,84781110,-0.54%,45.98,296.82,296.73,298.56,298.45,297.885,55.95,17.22
9/30/2019,296.77,52562760,0.46%,40.34,296.53,296.80,298.23,298.24,298.101,54.09,16.24
10/1/2019,293.24,89900420,-1.19%,45.70,296.01,295.43,297.46,297.32,298.226,53.60,18.56
10/2/2019,288.06,124524000,-1.77%,29.63,294.09,293.36,296.15,295.75,297.927,52.67,20.56
10/3/2019,290.42,85906800,0.82%,19.02,292.78,292.87,295.09,295.11,297.557,52.41,19.12
10/4/2019,294.35,66700680,1.35%,27.31,292.57,293.30,294.69,294.95,297.372,52.84,17.04
10/7/2019,293.08,60656560,-0.43%,39.04,291.83,292.74,294.18,294.40,297.116,52.76,17.86
10/8/2019,288.53,101575500,-1.55%,35.49,290.89,290.73,293.45,293.15,296.636,52.64,20.28
10/9/2019,291.27,65707330,0.95%,29.98,291.53,291.02,292.81,293.05,296.187,52.63,18.64
10/10/2019,293.24,57255970,0.68%,35.62,292.09,292.10,292.44,292.89,295.7845,53.57,17.57
10/11/2019,296.28,101228600,1.04%,42.43,292.48,293.49,292.52,293.13,295.544,54.76,15.58
10/14/2019,295.95,40546670,-0.11%,47.34,293.05,293.64,292.44,293.15,295.3335,53.57,14.57
10/15/2019,298.88,47832360,0.99%,50.12,295.12,295.00,293.01,293.61,295.2315,52.81,13.54
10/16/2019,298.40,50563600,-0.16%,51.78,296.55,296.22,294.04,293.99,295.0965,53.42,13.68
10/17/2019,299.28,46784890,0.29%,51.98,297.76,297.46,294.93,294.99,295.0065,53.89,13.79
10/18/2019,297.97,64338030,-0.44%,55.61,298.10,297.83,295.29,295.48,294.991,53.75,14.25
10/21/2019,299.99,39460900,0.68%,51.74,298.90,298.73,295.98,296.14,295.08,53.28,14.00
10/22/2019,299.01,49126040,-0.33%,60.23,298.93,298.94,297.03,296.53,295.237,54.21,14.46
10/23/2019,299.88,34991830,0.29%,69.02,299.23,299.25,297.89,297.55,295.35,55.90,14.01
10/24/2019,300.37,35857460,0.16%,67.33,299.44,299.61,298.60,298.34,295.5185,56.11,13.71
10/25/2019,301.60,45205410,0.41%,62.62,300.17,300.16,299.13,299.15,295.8285,56.52,12.65
10/28/2019,303.30,42146970,0.56%,67.88,300.83,301.21,299.87,299.89,296.155,55.60,13.11
10/29/2019,303.21,44284920,-0.03%,85.22,301.67,301.62,300.30,300.48,296.6535,55.34,13.20
10/30/2019,304.14,49643930,0.31%,82.59,302.52,302.49,300.88,301.00,297.4575,54.85,12.33
10/31/2019,303.33,69053790,-0.27%,81.54,303.12,302.79,301.28,301.32,298.103,54.02,13.22
11/1/2019,306.14,71141520,0.93%,73.42,304.02,304.12,302.10,302.16,298.6925,56.04,12.30
11/4/2019,307.37,60606920,0.40%,79.06,304.84,305.14,302.84,303.06,299.407,56.33,12.83
11/5/2019,307.03,42933220,-0.11%,76.82,305.60,305.57,303.64,303.60,300.332,57.04,13.10
11/6/2019,307.10,46487110,0.02%,77.50,306.19,306.10,304.36,304.27,301.1235,56.15,12.62
11/7/2019,308.18,54272270,0.35%,76.28,307.16,306.86,305.14,305.05,301.8705,56.91,12.73
11/8/2019,308.94,49068800,0.25%,84.85,307.72,307.76,305.87,305.83,302.5035,57.02,12.07
11/11/2019,308.35,35934910,-0.19%,83.42,307.92,307.93,306.38,306.32,303.1235,,12.69
11/12/2019,309.00,46484620,0.21%,85.92,308.31,308.28,306.96,306.86,303.6295,56.67,12.68
11/13/2019,309.10,54459020,0.03%,85.68,308.71,308.58,307.45,307.35,304.1645,56.88,13.00
11/14/2019,309.55,52001870,0.15%,85.23,308.99,308.99,308.08,307.84,304.678,56.57,13.05
11/15/2019,311.79,62706190,0.72%,84.24,309.56,309.92,308.64,308.75,305.369,57.54,12.05
11/18/2019,312.02,49327980,0.07%,84.94,310.29,310.38,309.11,309.26,305.9705,56.82,12.46
11/19/2019,311.93,67927820,-0.03%,85.84,310.88,310.84,309.60,309.62,306.6165,54.93,12.86
11/20/2019,310.77,79696280,-0.37%,84.02,311.21,310.84,309.96,309.81,307.161,56.71,12.78
11/21/2019,310.27,54664690,-0.16%,81.53,311.36,310.90,310.17,310.02,307.656,58.36,13.13
11/22/2019,310.96,44850230,0.22%,71.76,311.19,311.22,310.37,310.32,308.124,57.68,12.34
11/25/2019,313.37,48762680,0.78%,70.06,311.46,311.92,310.88,310.92,308.6275,57.79,11.87
11/26/2019,314.08,37727950,0.23%,78.77,311.89,312.33,311.38,311.46,309.171,58.25,11.54
11/27/2019,315.48,44793180,0.45%,79.93,312.83,313.09,312.02,312.13,309.738,58.12,11.75
11/29/2019,314.31,36592740,-0.37%,80.47,313.64,313.32,312.50,312.44,310.287,58.12,12.62
12/2/2019,311.64,76110030,-0.85%,71.67,313.78,312.97,312.48,312.34,310.562,55.97,14.91
12/3/2019,309.55,75172710,-0.67%,61.37,313.01,312.37,312.24,311.95,310.671,56.15,15.96
12/4/2019,311.46,49190400,0.62%,51.73,312.49,312.49,312.19,312.09,310.8925,58.46,14.80
12/5/2019,312.02,40781670,0.18%,56.66,311.80,312.33,312.31,312.16,311.1385,58.42,14.52
12/6/2019,314.87,48956770,0.91%,56.93,311.91,312.82,312.77,312.78,311.473,59.20,13.62
12/9/2019,313.88,34904320,-0.31%,58.35,312.36,312.57,313.07,312.98,311.72,58.99,15.86
12/10/2019,313.53,53107130,-0.11%,54.84,313.15,312.75,313.08,313.15,311.979,59.22,15.68
12/11/2019,314.42,53521450,0.28%,54.11,313.74,313.57,313.12,313.33,312.25,58.74,14.99
12/12/2019,317.13,96585800,0.86%,59.51,314.77,314.87,313.28,313.85,312.6515,59.18,13.94
12/13/2019,317.32,81546490,0.06%,66.03,315.26,315.62,313.58,314.02,313.04,60.11,12.63
12/16/2019,319.50,82836130,0.69%,65.22,316.38,316.67,314.37,314.66,313.4255,60.21,12.14
12/17/2019,319.57,61131770,0.02%,64.83,317.59,317.44,315.37,315.31,313.803,60.88,12.29
12/18/2019,319.59,48199960,0.01%,63.70,318.62,318.26,316.18,316.14,314.186,60.93,12.58
12/19/2019,320.90,85388420,0.41%,61.02,319.38,319.38,317.07,317.04,314.6925,61.30,12.50
12/20/2019,320.73,149338200,-0.05%,67.54,320.06,319.83,317.66,317.74,315.2155,60.43,12.51
12/23/2019,321.22,53015640,0.15%,77.90,320.40,320.45,318.39,318.30,315.7285,60.51,12.61
12/24/2019,321.23,20270010,0.00%,89.72,320.73,320.68,319.16,318.91,316.1215,61.17,12.67
12/26/2019,322.94,31024190,0.53%,88.19,321.40,321.47,320.01,319.85,316.5645,61.72,12.65
12/27/2019,322.86,42554820,-0.02%,89.17,321.80,321.89,320.59,320.53,316.9335,61.76,13.43
12/30/2019,321.08,49782730,-0.55%,85.77,321.87,321.56,320.96,320.68,317.272,61.66,14.82
12/31/2019,321.86,57107000,0.24%,80.10,321.99,321.86,321.20,321.13,317.783,61.14,13.78
1/2/2020,324.87,59253830,0.94%,83.62,322.72,322.95,321.73,321.87,318.549,61.17,12.47
1/3/2020,322.41,77783120,-0.76%,86.01,322.62,322.62,322.01,321.85,319.0965,63.00,14.02
1/6/2020,323.64,55761950,0.38%,68.51,322.77,322.96,322.28,322.31,319.6775,63.27,13.85
1/7/2020,322.73,42854810,-0.28%,70.65,323.10,322.76,322.48,322.37,320.0705,62.70,13.79
1/8/2020,324.45,68434150,0.53%,61.51,323.62,323.55,322.81,322.84,320.599,59.65,13.45
1/9/2020,326.65,48569600,0.68%,65.56,323.98,324.63,323.35,323.51,321.255,59.56,12.54
1/10/2020,325.71,53057390,-0.29%,69.76,324.64,324.55,323.63,323.78,321.8195,59.02,12.56
1/13/2020,327.95,47262010,0.69%,63.75,325.50,325.74,324.14,324.41,322.3605,58.17,12.32
1/14/2020,327.45,63036380,-0.15%,68.46,326.44,326.15,324.77,324.74,322.867,58.34,12.39
1/15/2020,328.19,72056600,0.23%,65.92,327.19,327.02,325.41,325.39,323.3015,57.86,12.42
1/16/2020,330.92,54050330,0.83%,67.14,328.04,328.43,326.01,326.41,323.869,58.52,12.32
1/17/2020,331.95,95846020,0.31%,68.71,329.29,329.35,326.96,327.09,324.487,58.55,12.10
1/21/2020,331.30,77742420,-0.20%,70.41,329.96,329.96,327.73,327.75,325.007,58.25,12.85
1/22/2020,331.34,48914900,0.01%,74.17,330.74,330.42,328.59,328.39,325.5375,56.76,12.91
1/23/2020,331.72,51962990,0.11%,73.24,331.45,331.07,329.32,329.16,326.0625,55.51,12.98
1/24/2020,328.77,87578440,-0.89%,69.27,331.02,330.55,329.53,329.22,326.4395,54.09,14.56
1/27/2020,323.50,84062460,-1.60%,67.42,329.33,328.51,329.31,328.43,326.4675,53.09,18.23
1/28/2020,326.89,63833950,1.05%,49.69,328.44,328.51,329.20,328.87,326.669,53.33,16.28
1/29/2020,326.62,54040890,-0.08%,58.39,327.50,327.84,329.12,328.73,326.946,53.29,16.39
1/30/2020,327.68,75491840,0.32%,54.65,326.69,327.56,329.07,328.86,327.237,52.19,15.49
1/31/2020,321.73,113845600,-1.82%,52.32,325.28,325.04,328.15,327.73,327.08,51.58,18.84
2/3/2020,324.12,69242290,0.74%,42.68,325.41,324.90,327.37,327.42,327.1655,50.06,17.97
2/4/2020,329.06,62573190,1.52%,43.00,325.84,326.63,327.14,327.67,327.4365,49.59,16.05
2/5/2020,332.86,65951150,1.15%,52.53,327.09,328.18,327.30,328.18,327.943,50.87,15.15
2/6/2020,333.98,50359690,0.34%,56.70,328.35,329.39,327.52,328.51,328.4195,50.94,14.96
2/7/2020,332.20,64139440,-0.53%,54.60,330.44,329.63,327.86,328.37,328.697,50.34,15.47
2/10/2020,334.68,42070010,0.75%,50.37,332.56,331.86,328.98,329.10,329.1455,49.59,15.04
2/11/2020,335.26,54864530,0.17%,54.72,333.80,333.46,329.82,330.12,329.511,50.00,15.18
2/12/2020,337.42,43992660,0.64%,55.39,334.71,335.00,330.90,331.20,330.0095,51.13,13.74
2/13/2020,337.06,54501920,-0.11%,57.47,335.32,335.49,331.84,332.02,330.453,51.41,14.15
2/14/2020,337.60,64582210,0.16%,61.66,336.40,336.08,333.42,332.88,330.787,52.03,13.68
2/18/2020,336.73,57342530,-0.26%,72.87,336.81,336.51,334.69,334.03,331.026,52.10,14.83
2/19/2020,338.34,48814690,0.48%,67.39,337.43,337.32,335.61,335.35,331.378,53.31,14.38
2/20/2020,336.95,74163360,-0.41%,69.77,337.34,337.27,336.02,335.86,331.6585,53.77,15.56
2/21/2020,333.48,113788200,-1.03%,65.47,336.62,336.05,335.97,335.56,331.7465,53.36,17.08
2/24/2020,322.42,161088400,-3.32%,71.37,333.58,331.89,334.99,333.51,331.429,51.36,25.03
2/25/2020,312.65,218913200,-3.03%,47.65,328.77,326.61,332.79,330.93,330.8865,49.78,27.85
2/26/2020,311.50,194773800,-0.37%,29.98,323.40,323.01,330.42,328.92,330.117,48.67,27.56
2/27/2020,297.51,284353500,-4.49%,22.14,315.51,314.77,326.42,324.43,328.6615,47.17,39.16
2/28/2020,296.26,385764000,-0.42%,14.39,308.07,309.09,322.34,320.94,327.0905,44.83,40.11
3/2/2020,309.09,238703600,4.33%,14.54,305.40,308.41,319.49,319.93,326.4585,46.78,33.42
3/3/2020,300.24,300139100,-2.86%,29.03,302.92,303.68,315.84,315.99,325.2645,47.27,36.82
3/4/2020,312.86,176613400,4.20%,24.73,303.19,306.23,313.30,315.30,324.4545,46.78,31.99
3/5/2020,302.46,186366800,-3.32%,34.60,304.18,302.95,309.85,311.33,322.9345,45.90,39.62
3/6/2020,297.46,228667200,-1.65%,30.73,304.42,301.94,306.25,307.60,321.1085,41.14,41.94
3/9/2020,274.23,309417300,-7.81%,28.71,297.45,294.36,301.43,300.42,318.21,31.05,54.46
3/10/2020,288.42,276444100,5.17%,23.20,295.09,294.44,299.00,299.06,315.897,34.47,47.30
3/11/2020,274.36,256416600,-4.87%,30.68,287.39,288.18,295.29,294.52,312.852,33.13,53.90
3/12/2020,248.11,392220700,-9.57%,27.94,276.52,274.29,290.35,286.71,308.3865,31.56,75.47
3/13/2020,269.32,329566100,8.55%,24.08,270.89,274.12,287.66,286.53,304.9995,31.72,57.83
3/16/2020,239.85,297240000,-10.94%,34.81,264.01,260.54,280.73,278.96,300.112,28.96,82.69
3/17/2020,252.80,262070500,5.40%,31.29,256.89,260.27,275.99,275.65,295.9155,26.96,75.91
3/18/2020,240.00,327597100,-5.06%,35.77,250.02,251.26,268.70,269.44,290.9985,20.48,76.45
3/19/2020,240.51,289322000,0.21%,35.98,248.50,246.85,262.51,263.58,286.1765,25.09,72.00
3/20/2020,228.80,347158800,-4.87%,36.36,240.39,241.93,255.64,256.38,280.9425,19.48,66.04
3/23/2020,222.95,326025200,-2.56%,30.25,237.01,234.58,250.51,249.70,275.969,23.33,61.59
3/24/2020,243.15,235494500,9.06%,30.70,235.08,239.06,245.99,249.17,272.494,21.03,61.67
3/25/2020,246.79,299430300,1.50%,33.23,236.44,238.98,243.23,246.13,269.2585,20.75,63.95
3/26/2020,261.20,257632800,5.84%,36.16,240.58,244.69,244.54,246.50,267.443,16.60,61.00
3/27/2020,253.42,224341200,-2.98%,41.39,245.50,244.86,242.95,246.15,265.301,15.48,65.54
3/30/2020,261.65,170961900,3.25%,44.66,253.24,250.88,245.13,246.35,262.929,14.10,57.08
3/31/2020,257.75,194881100,-1.49%,42.92,256.16,254.74,245.62,247.42,260.8045,20.51,53.54
4/1/2020,246.15,189554600,-4.50%,45.36,256.03,252.82,246.24,245.72,257.469,20.28,57.06
4/2/2020,251.83,177660400,2.31%,49.40,254.16,254.63,247.37,247.25,254.9375,25.18,50.91
4/3/2020,248.19,135561200,-1.45%,44.12,253.11,252.17,249.31,247.52,252.474,28.36,46.80
4/6/2020,264.86,188061200,6.72%,53.39,253.76,257.03,253.50,252.14,252.0055,26.21,45.24
4/7/2020,265.13,201427200,0.10%,54.76,255.23,257.55,255.70,255.61,250.841,23.54,46.70
4/8/2020,274.03,153774500,3.36%,61.01,260.81,261.50,258.42,259.03,250.8245,24.97,43.35
4/9/2020,278.20,190282700,1.52%,63.68,266.08,266.61,260.12,262.02,252.329,22.90,41.67
4/13/2020,275.66,114839100,-0.91%,71.49,271.58,269.27,262.35,262.95,252.646,22.36,41.17
4/14/2020,283.79,134143400,2.95%,73.61,275.36,275.65,264.56,266.24,254.843,20.15,37.76
4/15/2020,277.76,121775000,-2.12%,70.41,277.89,276.16,266.56,266.96,256.091,19.96,40.84
4/16/2020,279.10,131798300,0.48%,65.19,278.90,278.29,269.86,268.84,258.046,19.82,40.11
4/17/2020,286.64,146684800,2.70%,60.07,280.59,281.48,273.34,272.91,260.3525,18.31,38.15
4/20/2020,281.59,100109300,-1.76%,68.74,281.78,280.92,276.68,274.84,262.992,-36.98,43.83
4/21/2020,273.04,126385700,-3.04%,61.67,279.63,278.86,277.49,276.01,265.4965,8.91,45.41
4/22/2020,279.10,93524580,2.22%,58.48,279.89,279.45,278.89,277.79,267.294,13.64,41.98
4/23/2020,279.08,104709700,-0.01%,69.48,279.89,279.62,279.40,278.93,268.9085,15.06,41.38
4/24/2020,282.97,85165950,1.39%,67.27,279.16,280.92,279.87,280.05,269.997,15.99,35.93
4/27/2020,287.05,77896610,1.44%,71.97,280.25,281.79,281.01,281.18,271.6785,12.17,33.29
4/28/2020,285.73,105270000,-0.46%,66.67,282.79,282.08,281.21,281.87,272.8825,12.40,33.57
4/29/2020,293.21,118745600,2.62%,65.23,285.61,286.26,282.75,283.39,274.6555,15.04,31.23
4/30/2020,290.48,122901700,-0.93%,64.49,287.89,287.23,283.89,284.16,276.872,19.23,34.15
5/1/2020,282.79,125180000,-2.65%,59.48,287.85,286.19,283.50,283.69,278.42,19.72,37.19
5/4/2020,283.57,80873210,0.28%,55.10,287.16,286.42,283.70,283.52,280.189,20.47,35.97
5/5/2020,286.19,79569940,0.92%,49.82,287.25,286.83,285.02,284.15,281.2555,24.56,33.61
5/6/2020,284.25,73632630,-0.68%,57.13,285.46,286.25,285.53,284.88,282.2115,23.88,34.12
5/7/2020,287.68,75250410,1.21%,54.31,284.90,286.20,286.39,285.92,282.894,23.68,31.44
5/8/2020,292.44,76622130,1.65%,50.93,286.83,287.41,287.34,287.49,283.606,24.73,27.98
5/11/2020,292.50,79514230,0.02%,59.80,288.61,288.72,287.88,288.28,284.448,24.02,27.57
5/12/2020,286.67,95870790,-1.99%,70.76,288.71,287.96,287.98,287.66,284.592,25.76,33.04
5/13/2020,281.60,144721100,-1.77%,58.12,288.18,286.34,286.82,286.82,284.784,25.37,35.28
5/14/2020,284.97,121977900,1.20%,52.44,287.64,287.11,286.27,286.48,285.0775,27.40,32.61
5/15/2020,286.28,111146300,0.46%,51.95,286.40,287.18,286.62,286.27,285.0595,29.44,31.89
5/18/2020,295.00,120320200,3.05%,49.20,286.90,289.27,287.76,288.14,285.73,31.83,29.30
5/19/2020,291.97,95189320,-1.03%,58.31,287.96,288.59,288.34,288.52,286.6765,32.30,30.53
5/20/2020,296.93,85861690,1.70%,48.79,291.03,290.95,289.60,289.90,287.568,33.56,27.99
5/21/2020,294.88,78293930,-0.69%,56.02,293.01,292.31,290.32,290.56,288.358,34.30,29.53
5/22/2020,295.44,63958200,0.19%,62.61,294.84,293.82,290.62,291.25,288.9815,33.49,28.16
5/26/2020,299.08,88951440,1.23%,62.44,295.66,296.26,291.28,292.16,289.583,34.70,28.01
5/27/2020,303.53,104817400,1.49%,63.23,297.97,298.28,292.97,293.51,290.473,32.80,27.62
5/28/2020,302.97,90767810,-0.18%,68.81,299.18,299.64,295.11,294.79,290.961,33.67,28.59
5/29/2020,304.32,119265700,0.45%,65.81,301.07,300.89,297.04,296.78,291.653,35.57,27.51
6/1/2020,305.55,56779840,0.40%,63.21,303.09,302.56,298.97,298.59,292.791,35.49,28.23
6/2/2020,308.08,74267160,0.83%,64.14,304.89,304.75,300.28,300.62,294.0165,36.88,26.84
6/3/2020,312.18,92567570,1.33%,74.99,306.62,307.32,302.30,302.44,295.316,37.33,25.66
6/4/2020,311.36,75794360,-0.26%,86.53,308.30,308.20,303.74,303.94,296.6715,37.42,25.81
6/5/2020,319.34,150524700,2.56%,83.57,311.30,311.98,306.19,306.58,298.2545,39.49,24.52
6/8/2020,323.20,73641220,1.21%,85.95,314.83,315.27,308.96,309.28,299.7925,38.17,25.81
6/9/2020,320.79,77479230,-0.75%,84.29,317.37,316.82,311.13,311.11,301.207,38.98,27.57
6/10/2020,319.00,95000770,-0.56%,85.58,318.74,317.92,312.68,312.56,302.8235,39.54,27.57
6/11/2020,300.61,209243600,-5.76%,79.56,316.59,312.70,312.44,310.48,303.774,36.43,40.79
6/12/2020,304.21,194678900,1.20%,55.34,313.56,312.46,312.43,310.95,304.736,36.24,36.09
6/15/2020,307.05,135782700,0.93%,57.73,310.33,311.39,312.58,311.45,305.7745,37.07,34.40
6/16/2020,312.96,137627500,1.92%,57.13,308.77,311.21,313.07,312.65,306.6725,38.26,33.67
6/17/2020,311.66,83398940,-0.42%,58.22,307.30,309.73,313.02,312.81,307.657,37.91,33.47
6/18/2020,311.78,80828660,0.04%,57.48,309.53,308.79,313.06,312.79,308.3995,38.79,32.94
6/19/2020,308.64,135549600,-1.01%,56.56,310.42,309.23,311.99,312.26,309.0875,39.72,35.12
6/22/2020,310.62,74649390,0.64%,52.63,311.13,310.49,310.73,311.74,309.8465,40.60,31.77
6/23/2020,312.05,68471250,0.46%,52.18,310.95,311.44,309.86,310.97,310.495,40.40,31.37
6/24/2020,304.09,132813500,-2.55%,49.88,309.44,308.66,308.37,308.81,310.523,37.91,33.84
6/25/2020,307.35,89467970,1.07%,44.20,308.55,308.74,309.04,308.18,310.742,38.66,32.22
6/26/2020,300.05,127961000,-2.38%,39.66,306.83,305.72,308.63,307.41,310.5285,38.53,34.73
6/29/2020,304.46,79773260,1.47%,31.16,305.60,306.04,308.37,307.87,310.474,39.67,31.78
6/30/2020,308.36,113394800,1.28%,37.13,304.86,306.52,307.91,308.36,310.488,39.27,30.43
7/1/2020,310.52,72396540,0.70%,41.88,306.15,306.75,307.79,308.38,310.405,39.88,28.62
7/2/2020,312.23,69344220,0.55%,60.05,307.12,308.18,307.84,308.60,310.4485,40.57,27.68
7/6/2020,317.05,61713830,1.54%,58.46,310.52,310.43,308.68,309.51,310.334,40.51,27.94
7/7/2020,313.78,82909960,-1.03%,60.12,312.39,311.61,308.99,309.61,309.863,40.59,29.43
7/8/2020,316.18,54638600,0.76%,50.88,313.95,313.65,309.41,310.30,309.6325,40.91,28.08
7/9/2020,314.38,83354160,-0.57%,54.72,314.72,314.09,310.44,310.31,309.4015,39.64,29.26
7/10/2020,317.59,57550370,1.02%,52.62,315.80,315.68,311.46,311.74,310.2505,40.56,27.29
7/13/2020,314.84,102997500,-0.87%,59.02,315.35,315.48,312.94,312.07,310.782,40.06,32.19
7/14/2020,318.92,93656950,1.30%,54.19,316.38,316.54,314.39,314.03,311.3755,40.30,29.52
7/15/2020,321.85,87196520,0.92%,56.48,317.52,318.20,315.73,315.74,311.82,41.20,27.76
7/16/2020,320.79,54622520,-0.33%,68.50,318.80,318.61,316.76,316.65,312.2765,40.74,28.00
7/17/2020,321.72,62774910,0.29%,64.67,319.62,319.77,317.71,317.66,312.7735,40.55,25.68
7/20/2020,324.32,56308850,0.81%,77.48,321.52,321.19,318.44,318.91,313.5575,40.83,24.46
7/21/2020,325.01,57498970,0.21%,76.40,322.74,322.68,319.56,319.63,314.277,41.76,24.84
7/22/2020,326.86,57792920,0.57%,74.19,323.74,324.11,320.63,320.89,315.0175,41.88,24.32
7/23/2020,322.96,75737990,-1.19%,73.96,324.17,323.48,321.49,321.05,315.961,40.99,26.08
7/24/2020,320.88,73766600,-0.64%,64.78,324.01,323.08,321.82,321.38,316.6375,41.23,25.84
7/27/2020,323.22,48292970,0.73%,55.71,323.79,323.74,322.65,322.07,317.796,41.46,24.74
7/28/2020,321.17,57494980,-0.63%,64.47,323.02,322.91,322.88,322.38,318.6315,40.89,25.44
7/29/2020,325.12,48454160,1.23%,57.73,322.67,323.72,323.21,323.29,319.4695,41.13,24.10
7/30/2020,323.96,61861710,-0.36%,65.60,322.87,323.10,323.52,323.34,320.1415,39.85,24.76
7/31/2020,326.52,85210760,0.79%,59.84,324.00,324.09,324.00,324.07,320.856,40.10,24.46
8/3/2020,328.79,53077950,0.70%,68.15,325.11,325.60,324.45,324.87,321.443,40.83,24.28
8/4/2020,330.06,41917890,0.39%,66.25,326.89,326.76,324.95,325.47,322.257,41.67,23.76
8/5/2020,332.11,42866350,0.62%,64.30,328.29,328.63,325.48,326.25,323.0535,42.25,22.99
8/6/2020,334.33,43679450,0.67%,69.06,330.36,330.30,326.62,327.09,324.051,41.93,22.65
8/7/2020,334.57,57308270,0.07%,70.35,331.97,331.76,327.99,328.06,324.9,41.16,22.21
8/10/2020,335.57,44282090,0.30%,67.90,333.33,333.17,329.22,329.36,325.9365,41.94,22.13
8/11/2020,332.80,69601090,-0.83%,68.24,333.88,333.15,330.38,329.87,326.6305,41.53,24.03
8/12/2020,337.44,53826130,1.39%,59.95,334.94,335.06,331.62,331.67,327.41,42.60,22.28
8/13/2020,336.83,41816150,-0.18%,73.66,335.44,335.57,332.90,332.56,328.212,42.26,22.13
8/14/2020,336.84,47260390,0.00%,77.38,335.90,335.91,333.93,333.62,328.968,42.05,22.05
8/17/2020,337.91,35480970,0.32%,75.41,336.36,336.57,334.85,334.66,329.6475,42.89,21.35
8/18/2020,338.64,38733910,0.22%,82.42,337.53,337.12,335.70,335.54,330.329,42.89,21.51
8/19/2020,337.23,68054240,-0.42%,79.91,337.49,337.43,336.22,335.98,330.8475,42.91,22.54
8/20/2020,338.28,42207830,0.31%,79.04,337.78,337.75,336.61,336.59,331.6135,42.62,22.72
8/21/2020,339.48,55106630,0.35%,77.55,338.31,338.35,337.10,337.13,332.5435,42.32,22.54
8/24/2020,342.92,48588660,1.01%,76.37,339.31,339.85,337.84,338.16,333.5285,42.44,22.37
8/25/2020,344.12,38463380,0.35%,78.65,340.41,340.91,338.97,338.98,334.676,43.17,22.03
8/26/2020,347.57,50790240,1.00%,77.81,342.47,342.79,339.98,340.53,335.7985,43.21,23.27
8/27/2020,348.33,58034140,0.22%,79.01,344.48,344.43,341.13,341.50,337.017,42.88,24.47
8/28/2020,350.58,48588940,0.65%,79.48,346.70,346.52,342.51,342.85,338.22,42.96,22.96
8/31/2020,349.31,66099180,-0.36%,80.52,347.98,347.57,343.65,343.74,339.246,42.61,26.41
9/1/2020,352.60,54999330,0.94%,85.75,349.68,349.52,345.04,345.27,340.373,42.76,26.12
9/2/2020,357.70,69540040,1.45%,84.87,351.70,352.35,347.09,347.34,341.6525,42.76,26.57
9/3/2020,345.39,148011100,-3.44%,89.78,351.12,349.60,347.80,346.78,342.2055,41.39,33.60
9/4/2020,342.57,139156300,-0.82%,61.10,349.51,348.27,348.11,346.85,342.6055,39.69,30.75
9/8/2020,333.21,114465300,-2.73%,55.78,346.29,344.08,347.14,345.40,342.4875,36.87,31.46
9/9/2020,339.79,91462290,1.97%,44.45,343.73,344.13,346.71,345.80,342.837,38.05,28.81
9/10/2020,333.89,90569550,-1.74%,52.37,338.97,340.45,345.34,344.38,342.6595,37.25,29.71
9/11/2020,334.06,84680190,0.05%,46.28,336.70,337.33,343.91,343.29,342.521,37.33,26.87
9/14/2020,338.46,65605690,1.32%,45.32,335.88,337.29,342.70,342.92,342.602,37.23,25.85
9/15/2020,340.17,52920860,0.51%,46.21,337.27,337.31,341.78,342.24,342.715,38.29,25.59
9/16/2020,338.82,82211260,-0.40%,46.67,337.08,337.79,340.41,341.25,342.724,40.17,26.04
9/17/2020,335.84,91523340,-0.88%,42.36,337.47,336.67,338.22,339.58,342.6545,40.99,26.46
9/18/2020,330.65,105877900,-1.55%,39.50,336.79,335.20,336.75,336.84,342.273,41.09,25.83
9/21/2020,326.97,99450830,-1.11%,34.04,334.49,333.52,335.19,334.97,341.6475,39.26,27.78
9/22/2020,330.30,63612110,1.02%,32.77,332.52,333.09,334.90,334.30,341.0165,39.55,26.86
9/23/2020,322.64,93112240,-2.32%,32.81,329.28,329.22,333.18,332.67,339.9425,39.92,28.58
9/24/2020,323.50,76681330,0.27%,24.01,326.81,327.35,332.14,331.42,338.739,40.11,28.51
9/25/2020,328.73,71069430,1.62%,30.45,326.43,327.45,331.61,331.52,337.759,40.06,26.38
9/28/2020,334.19,64584610,1.66%,38.15,327.87,329.02,331.18,332.08,336.9395,40.47,26.19
9/29/2020,332.37,51531590,-0.54%,50.90,328.29,329.37,330.40,331.40,336.0925,39.03,26.27
9/30/2020,334.89,104081100,0.76%,42.54,330.74,330.49,330.01,331.22,335.207,40.05,26.37
10/1/2020,337.04,88698750,0.64%,51.08,333.44,332.84,330.13,331.29,334.174,38.51,26.70
10/2/2020,333.84,89431110,-0.95%,53.08,334.47,333.58,330.45,330.80,333.5965,36.90,27.63
10/5/2020,339.76,45713110,1.77%,45.10,335.58,336.23,331.73,332.14,333.456,39.12,27.96
10/6/2020,334.93,90128880,-1.42%,49.60,336.09,335.36,332.19,332.31,333.542,40.52,29.48
10/7/2020,340.76,56999600,1.74%,46.45,337.27,337.65,334.00,333.75,333.5905,39.82,28.06
10/8/2020,343.78,45242480,0.89%,54.26,338.61,339.44,336.03,335.78,334.085,41.04,26.36
10/9/2020,346.85,59528610,0.89%,61.83,341.22,341.36,337.84,338.00,334.7245,40.44,25.00
10/12/2020,352.43,80388530,1.61%,68.11,343.75,344.95,339.67,340.49,335.423,39.22,25.07
10/13/2020,350.13,73255510,-0.65%,69.36,346.79,345.88,341.44,341.57,335.921,40.03,26.07
10/14/2020,347.93,57958750,-0.63%,76.54,348.22,347.17,342.75,342.62,336.3765,40.86,26.40
10/15/2020,347.50,60357660,-0.12%,72.99,348.97,347.98,343.79,343.61,336.9595,40.84,26.97
10/16/2020,347.29,89501870,-0.06%,69.42,349.06,348.41,345.14,344.43,337.7915,40.70,27.41
10/19/2020,342.01,68425610,-1.52%,65.20,346.97,346.71,345.36,344.57,338.5435,40.69,29.18
10/20/2020,343.38,60051880,0.40%,60.36,345.62,345.77,346.21,345.00,339.1975,41.37,29.35
10/21/2020,342.73,63574980,-0.19%,59.35,344.58,344.66,346.40,345.57,340.202,39.88,28.65
10/22/2020,344.61,55399290,0.55%,56.48,344.00,344.59,346.49,346.08,341.2575,40.46,28.11
10/23/2020,345.78,49143930,0.34%,62.65,343.70,344.60,346.38,346.36,342.11,39.73,27.55
10/26/2020,339.39,91473000,-1.85%,57.96,343.18,342.26,345.08,345.11,342.37,38.39,32.46
10/27/2020,338.22,65994110,-0.34%,55.66,342.15,341.53,343.88,343.83,342.6625,39.34,33.35
10/28/2020,326.66,127094300,-3.42%,46.34,338.93,336.98,341.76,340.75,342.251,37.27,40.28
10/29/2020,329.98,90597690,1.02%,30.21,336.01,335.95,340.01,339.62,341.898,35.94,37.59
10/30/2020,326.54,120448700,-1.04%,30.61,332.16,332.85,337.93,337.56,341.533,35.64,38.02
11/2/2020,330.20,86068300,1.12%,18.71,330.32,331.51,336.75,336.52,341.055,36.60,37.13
11/3/2020,336.03,93294190,1.77%,26.68,329.88,332.22,336.01,336.62,341.11,37.44,35.55
11/4/2020,343.54,126959700,2.23%,37.17,333.26,334.43,336.10,337.38,341.249,38.97,29.57
11/5/2020,350.24,82039750,1.95%,46.29,337.31,338.92,336.66,338.67,341.572,38.56,27.58
11/6/2020,350.16,74972970,-0.02%,52.46,342.03,341.59,337.10,339.11,341.7375,36.97,24.86
11/9/2020,354.56,172304200,1.26%,57.45,346.91,346.21,338.61,340.27,341.844,40.05,25.75
11/10/2020,354.04,85552020,-0.15%,59.68,350.51,349.28,340.20,341.42,342.0395,41.18,24.80
11/11/2020,356.67,58649050,0.74%,59.81,353.13,352.56,343.20,343.19,342.4765,41.23,23.45
11/12/2020,353.21,68118560,-0.97%,60.33,353.73,353.16,345.52,345.02,342.762,40.90,25.35
11/13/2020,358.10,62959430,1.38%,56.12,355.32,355.19,348.68,347.81,343.3025,39.93,23.10
11/16/2020,362.57,74541140,1.25%,65.81,356.92,357.73,351.91,351.20,344.3305,41.14,22.45
11/17/2020,360.62,66111010,-0.54%,69.49,358.23,358.15,354.37,353.50,345.1925,41.24,22.71
11/18/2020,356.28,70591300,-1.20%,82.12,358.16,357.58,355.65,354.72,345.87,41.64,23.84
11/19/2020,357.78,59940950,0.42%,74.41,359.07,358.03,356.40,356.03,346.5285,41.57,23.11
11/20/2020,355.33,70411890,-0.68%,80.07,358.52,357.82,356.92,356.20,347.006,41.99,23.70
11/23/2020,357.46,63230610,0.60%,74.77,357.49,358.16,357.21,357.01,347.9095,42.91,22.66
11/24/2020,363.22,62415880,1.61%,72.78,358.01,359.40,358.12,358.30,349.1595,44.71,21.64
11/25/2020,362.66,45330890,-0.15%,71.73,359.29,359.56,358.72,358.95,350.9595,45.58,21.25
11/27/2020,363.67,28514070,0.28%,65.87,360.47,360.75,359.77,359.62,352.644,,20.84
11/30/2020,362.06,83872710,-0.44%,66.86,361.81,361.00,360.17,360.19,354.42,45.20,20.57
12/1/2020,366.02,74504970,1.09%,60.06,363.53,363.22,360.51,361.23,356.211,44.54,20.77
12/2/2020,366.79,45927000,0.21%,64.71,364.24,364.61,361.13,361.65,357.749,45.23,21.17
12/3/2020,366.69,62882000,-0.03%,63.02,365.05,365.06,362.17,362.14,358.9065,45.65,21.28
12/4/2020,369.85,50749860,0.86%,68.99,366.28,366.65,363.38,363.56,359.887,46.23,20.79
12/7/2020,369.09,48944270,-0.21%,67.40,367.69,367.22,364.75,364.41,360.8335,45.72,21.30
12/8/2020,370.17,42458860,0.29%,60.84,368.52,368.52,366.02,365.74,361.614,45.64,20.68
12/9/2020,366.85,74098310,-0.90%,66.36,368.53,367.96,366.39,366.17,362.2545,45.48,22.27
12/10/2020,366.73,57735350,-0.03%,68.76,368.54,367.93,366.79,366.45,362.7575,46.76,22.52
12/11/2020,366.30,57698610,-0.12%,66.70,367.83,367.79,367.06,366.70,363.412,46.59,23.31
12/14/2020,364.66,69216170,-0.45%,72.14,366.94,366.77,367.32,366.62,363.74,47.02,24.72
12/15/2020,369.59,64071100,1.35%,64.83,366.83,367.82,367.67,367.73,364.091,47.58,22.89
12/16/2020,370.17,58420520,0.16%,63.58,367.49,367.94,368.01,368.13,364.5685,47.86,22.50
12/17/2020,372.24,64119470,0.56%,66.00,368.59,369.07,368.57,368.78,365.3665,48.34,21.93
12/18/2020,369.18,136542300,-0.82%,67.47,369.17,368.79,368.50,368.68,365.9365,49.04,21.57
12/21/2020,367.86,96386750,-0.36%,63.70,369.81,368.73,368.38,368.38,366.563,47.79,25.16
12/22/2020,367.24,48388460,-0.17%,53.94,369.34,368.95,368.08,368.17,367.052,47.02,24.23
12/23/2020,367.57,46201400,0.09%,50.97,368.82,368.75,368.15,367.99,367.2695,47.94,23.31
12/24/2020,369.00,26457850,0.39%,51.88,368.17,368.88,368.38,368.31,367.5865,48.18,21.53
12/28/2020,372.17,39000400,0.86%,48.04,368.77,369.50,368.97,369.07,368.0115,47.50,21.70
12/29/2020,371.46,53680450,-0.19%,56.39,369.49,369.67,369.65,369.42,368.4815,47.85,23.08
12/30/2020,371.99,49455260,0.14%,52.72,370.44,370.32,369.89,370.07,368.78,48.24,22.77
12/31/2020,373.88,78520700,0.51%,62.27,371.70,371.59,370.26,370.61,369.1345,48.35,22.75
1/4/2021,368.79,110210800,-1.36%,65.74,371.66,370.73,369.91,369.99,369.2395,47.47,26.97
1/5/2021,371.33,66426230,0.69%,54.55,371.49,371.55,370.13,370.17,369.3135,49.78,25.34
1/6/2021,373.55,107997700,0.60%,61.80,371.91,372.18,370.70,370.75,369.5365,50.45,25.07
1/7/2021,379.10,68766810,1.49%,57.75,373.33,374.31,371.88,372.23,369.983,50.63,22.37
1/8/2021,381.26,71677210,0.57%,64.62,374.81,375.97,373.25,373.59,370.7035,52.14,21.56
1/11/2021,378.69,51176720,-0.67%,64.73,376.79,376.10,374.22,374.24,371.3015,52.15,24.08
1/12/2021,378.77,52547720,0.02%,65.78,378.27,377.45,374.88,375.05,371.925,53.08,23.33
1/13/2021,379.79,45303620,0.27%,68.88,379.52,378.78,375.72,375.77,372.6815,52.81,22.21
1/14/2021,378.46,49989110,-0.35%,71.42,379.39,379.17,376.36,376.21,373.125,53.47,23.25
1/15/2021,375.70,107160000,-0.73%,67.98,378.28,378.16,376.54,376.24,373.4015,52.25,24.34
1/19/2021,378.65,51233300,0.79%,60.59,378.27,378.40,377.53,376.93,373.722,52.87,23.24
1/20/2021,383.89,61836060,1.38%,60.32,379.30,380.15,378.79,378.69,374.4575,53.16,21.58
1/21/2021,384.24,47955810,0.09%,67.30,380.19,380.95,379.86,379.78,375.2765,53.00,21.32
1/22/2021,382.88,52136930,-0.35%,67.13,381.07,381.09,380.23,380.40,376.0585,52.28,21.91
1/25/2021,384.39,70401970,0.39%,62.78,382.81,382.18,380.55,380.99,376.8995,52.78,23.19
1/26/2021,383.79,42665280,-0.16%,74.65,383.84,383.14,381.06,381.14,377.639,52.61,23.02
1/27/2021,374.41,123351100,-2.44%,70.98,381.94,380.70,380.62,379.85,377.751,52.81,37.21
1/28/2021,377.63,94198100,0.86%,51.17,380.62,380.50,380.40,380.08,378.0595,52.26,30.21
1/29/2021,370.07,126765100,-2.00%,47.87,378.06,377.10,379.57,378.53,377.9635,52.16,33.09
2/1/2021,376.23,75817600,1.66%,35.99,376.43,377.45,379.62,378.96,378.081,53.55,30.24
2/2/2021,381.55,64450660,1.41%,47.17,375.98,378.13,379.91,379.97,378.719,54.77,25.56
2/3/2021,381.85,52427090,0.08%,52.85,377.47,377.94,379.70,380.26,379.245,55.67,22.91
2/4/2021,386.19,47142560,1.14%,52.14,379.18,380.37,379.90,380.88,379.877,56.19,21.77
2/5/2021,387.71,48669770,0.39%,57.57,382.71,382.02,380.38,381.32,380.3075,56.80,20.87
2/8/2021,390.51,38365190,0.72%,62.06,385.56,385.31,380.99,382.22,380.77,57.95,21.24
2/9/2021,390.25,35551060,-0.07%,61.94,387.30,387.12,381.64,382.68,381.348,58.34,21.63
2/10/2021,390.08,59154370,-0.04%,57.12,388.95,388.23,383.21,383.17,381.9135,58.69,21.99
2/11/2021,390.71,42913290,0.16%,56.56,389.85,389.54,384.52,384.57,382.4595,58.22,21.25
2/12/2021,392.64,50593270,0.49%,58.94,390.84,390.78,386.77,385.99,383.1685,59.50,19.97
2/16/2021,392.30,50972370,-0.09%,59.33,391.20,391.33,388.38,387.78,383.9985,60.07,21.46
2/17/2021,392.39,52806680,0.02%,59.69,391.62,391.59,389.46,389.11,384.6855,61.09,21.50
2/18/2021,390.72,59712770,-0.43%,75.95,391.75,391.32,390.35,389.69,385.027,60.40,22.49
2/19/2021,390.03,83240970,-0.18%,69.78,391.62,391.18,390.73,390.29,385.3165,59.12,22.05
2/22/2021,387.03,67414170,-0.77%,88.06,390.49,390.09,390.67,390.06,385.524,61.67,23.45
2/23/2021,387.50,107284100,0.12%,73.42,389.53,389.50,390.37,390.09,385.6795,61.66,23.11
2/24/2021,391.77,72433950,1.10%,66.34,389.41,390.28,390.52,390.62,386.0785,63.21,21.34
2/25/2021,382.33,146670500,-2.41%,72.36,387.73,387.05,389.74,389.03,386.4745,63.43,28.89
2/26/2021,380.36,152701600,-0.52%,42.93,385.80,385.27,388.71,388.04,386.611,61.55,27.95
3/1/2021,389.58,105348800,2.42%,36.75,386.31,387.06,388.40,388.87,387.5865,60.54,23.35
3/2/2021,386.54,79595330,-0.78%,48.64,386.12,386.39,387.83,388.06,388.102,59.70,24.10
3/3/2021,381.42,119940200,-1.32%,44.98,384.05,384.55,386.73,386.66,388.0955,61.33,26.67
3/4/2021,376.70,183433000,-1.24%,39.66,382.92,381.60,385.33,384.90,387.838,63.81,28.57
3/5/2021,383.63,152039600,1.84%,34.76,383.57,383.16,384.69,385.02,387.71,66.08,24.66
3/8/2021,381.72,123149200,-0.50%,41.16,382.00,382.96,384.16,384.15,387.4105,65.03,25.47
3/9/2021,387.17,113633600,1.43%,39.93,382.13,383.72,384.12,384.70,387.2435,64.02,24.03
3/10/2021,389.58,109899400,0.62%,45.49,383.76,384.61,383.90,385.11,387.21,64.45,22.56
3/11/2021,393.53,86245040,1.01%,49.03,387.13,387.02,385.02,385.65,387.3825,66.02,21.91
3/12/2021,394.06,64653570,0.13%,52.83,389.21,389.44,386.39,386.67,387.55,65.59,20.69
3/15/2021,396.41,73592300,0.60%,55.91,392.15,391.61,387.08,388.21,387.7385,65.36,20.03
3/16/2021,395.91,73722510,-0.13%,57.27,393.90,393.40,388.01,388.68,387.919,64.82,19.79
3/17/2021,397.26,97959270,0.34%,53.60,395.43,395.02,389.60,389.69,388.1625,64.55,19.23
3/18/2021,391.48,115349100,-1.45%,65.10,395.02,394.12,391.08,389.94,388.2005,59.95,21.58
3/19/2021,389.48,113624500,-0.51%,60.44,394.11,393.18,391.66,390.79,388.173,61.43,20.95
3/22/2021,392.59,73778650,0.80%,49.89,393.34,393.60,392.75,391.83,388.451,61.48,18.88
3/23/2021,389.50,90686550,-0.79%,56.56,392.06,392.06,392.98,392.16,388.551,57.75,20.30
3/24/2021,387.52,97588640,-0.51%,59.17,390.11,390.55,392.77,391.99,388.3385,61.12,21.20
3/25/2021,389.70,116128600,0.56%,63.09,389.76,389.98,392.39,392.22,388.707,58.47,19.81
3/26/2021,395.98,114409100,1.61%,58.29,391.06,391.83,392.58,393.04,389.488,60.93,18.86
3/29/2021,395.78,108107600,-0.05%,67.41,391.70,392.63,392.52,393.16,389.798,61.49,20.74
3/30/2021,394.73,76262250,-0.27%,62.06,392.74,392.71,392.40,392.92,390.2075,60.55,19.61
3/31/2021,396.33,112734200,0.41%,57.50,394.50,393.94,392.31,393.12,390.953,59.19,19.40
4/1/2021,400.61,99682880,1.08%,54.38,396.69,396.54,393.22,393.82,392.1485,61.41,17.33
4/5/2021,406.36,91684760,1.44%,59.16,398.76,399.91,394.91,395.61,393.285,58.73,17.91
4/6/2021,406.12,62020950,-0.06%,62.71,400.83,401.21,396.26,396.95,394.505,59.34,18.12
4/7/2021,406.59,55836280,0.12%,63.13,403.20,402.75,397.97,398.14,395.476,59.77,17.16
4/8/2021,408.52,57863110,0.47%,62.27,405.64,404.97,400.07,399.89,396.423,59.61,16.95
4/9/2021,411.49,61104560,0.73%,74.94,407.82,407.59,402.25,402.15,397.321,59.29,16.69
4/12/2021,411.64,56704900,0.04%,81.33,408.87,409.09,403.82,403.96,398.2,59.70,16.91
4/13/2021,412.86,56550990,0.30%,79.61,410.22,410.20,405.53,405.46,399.0225,60.20,16.65
4/14/2021,411.45,61659910,-0.34%,88.55,411.19,410.63,407.20,406.60,399.7995,63.15,16.99
4/15/2021,415.87,60229840,1.07%,90.25,412.66,412.75,409.15,408.77,400.73,63.42,16.57
4/16/2021,417.26,82037280,0.33%,90.93,413.82,414.19,410.82,410.63,402.019,63.16,16.25
4/19/2021,415.21,78498500,-0.49%,89.29,414.53,414.28,411.70,411.61,403.3055,63.33,17.29
4/20/2021,412.17,81851830,-0.73%,83.58,414.39,413.74,412.31,411.79,404.2845,62.61,18.68
4/21/2021,416.07,66792980,0.95%,78.20,415.32,414.95,413.25,412.99,405.613,61.34,17.50
4/22/2021,412.27,97582790,-0.91%,79.71,414.60,414.30,413.63,413.08,406.8505,61.45,18.71
4/23/2021,416.74,73276200,1.08%,67.81,414.49,415.31,414.15,414.19,408.2025,62.18,17.33
4/26/2021,417.61,52182390,0.21%,66.50,414.97,415.53,414.75,414.78,409.284,62.02,17.64
4/27/2021,417.52,51303060,-0.02%,67.90,416.04,415.82,415.22,415.25,410.371,63.03,17.56
4/28/2021,417.40,51238850,-0.03%,67.23,416.31,416.49,415.81,415.61,411.5045,63.81,17.28
4/29/2021,420.06,78544330,0.64%,64.85,417.87,417.56,416.23,416.58,412.691,65.00,17.61
4/30/2021,417.30,85527030,-0.66%,64.48,417.98,417.68,416.24,416.43,413.5255,63.50,18.61
5/3/2021,418.20,68128290,0.22%,58.79,418.10,418.05,416.53,416.59,414.1175,64.46,18.31
5/4/2021,415.62,101591200,-0.62%,58.38,417.72,417.27,416.88,416.37,414.5925,65.72,19.48
5/5/2021,415.75,39960660,0.03%,56.31,417.39,417.06,416.85,416.67,415.0505,65.63,19.15
5/6/2021,419.07,74321370,0.80%,49.79,417.19,417.95,417.53,417.25,415.578,64.73,18.39
5/7/2021,422.12,67733790,0.73%,52.95,418.15,418.83,418.07,418.36,416.1095,64.96,16.69
5/10/2021,417.94,81852450,-0.99%,60.90,418.10,418.08,418.10,418.04,416.4245,64.92,19.66
5/11/2021,414.21,116888000,-0.89%,58.79,417.82,416.80,417.77,417.39,416.492,65.31,21.84
5/12/2021,405.41,134811000,-2.12%,47.15,415.75,413.68,416.57,415.52,416.19,65.96,27.59
5/13/2021,410.28,106394000,1.20%,40.89,413.99,413.93,415.59,415.42,415.9105,63.82,23.13
5/14/2021,416.58,82201630,1.54%,41.51,412.88,414.85,415.52,415.77,415.8765,65.32,18.81
5/17/2021,415.52,64882410,-0.25%,48.82,412.40,413.76,415.25,415.52,415.892,66.24,19.72
5/18/2021,411.94,59810240,-0.86%,47.75,411.95,412.25,414.88,414.65,415.8805,65.49,21.34
5/19/2021,410.86,106467100,-0.26%,44.30,413.04,411.58,414.39,414.15,415.62,63.28,22.18
5/20/2021,415.28,78022220,1.08%,40.07,414.04,413.78,414.01,414.55,415.7705,61.95,20.67
5/21/2021,414.94,76578660,-0.08%,47.90,413.71,414.34,413.30,414.18,415.6805,63.61,20.15
5/24/2021,419.17,51376700,1.02%,46.56,414.44,415.53,413.42,414.36,415.7585,66.13,18.40
5/25/2021,418.24,57451400,-0.22%,53.62,415.70,415.71,413.82,414.30,415.7945,66.27,18.84
5/26/2021,419.07,43088620,0.20%,52.50,417.34,416.82,415.19,414.78,415.878,66.41,17.36
5/27/2021,419.29,56707680,0.05%,50.00,418.14,417.99,416.09,415.93,415.8395,66.87,16.74
5/28/2021,420.04,58520160,0.18%,46.83,419.16,418.77,416.44,416.81,415.9765,66.31,16.76
6/1/2021,419.67,54216630,-0.09%,52.55,419.26,419.33,416.85,417.02,416.05,67.80,17.90
6/2/2021,420.33,49097060,0.16%,57.23,419.68,419.62,417.69,417.48,416.2855,68.79,17.48
6/3/2021,418.77,58138760,-0.37%,75.17,419.62,419.38,418.48,417.89,416.4365,68.81,18.04
6/4/2021,422.60,55938790,0.91%,66.12,420.28,420.61,419.21,419.23,416.613,69.57,16.42
6/7/2021,422.19,51555030,-0.10%,62.62,420.71,420.92,419.94,419.75,416.6165,69.21,16.42
6/8/2021,422.28,47134280,0.02%,64.37,421.23,421.23,420.25,420.36,416.8335,70.11,17.07
6/9/2021,421.65,48436340,-0.15%,76.22,421.50,421.37,420.59,420.50,417.2055,69.90,17.89
6/10/2021,423.61,51020150,0.46%,78.00,422.47,422.20,421.04,421.14,418.1155,70.34,16.10
6/11/2021,424.31,45570830,0.17%,74.78,422.81,423.08,421.55,421.64,418.817,71.00,15.65
6/14/2021,425.26,42358480,0.22%,77.29,423.42,423.63,422.07,422.22,419.251,70.94,16.39
6/15/2021,424.48,51508510,-0.18%,71.92,423.86,423.77,422.55,422.51,419.699,72.06,17.02
6/16/2021,422.11,80386080,-0.56%,72.71,423.95,423.28,422.73,422.47,420.2075,72.03,18.15
6/17/2021,421.97,90949660,-0.03%,59.95,423.63,423.29,423.05,422.59,420.763,71.06,17.75
6/18/2021,414.92,118676300,-1.67%,58.82,421.75,420.72,422.28,421.57,420.745,71.64,20.70
6/21/2021,420.86,72822030,1.43%,38.09,420.87,421.45,422.15,422.02,421.041,73.64,17.89
6/22/2021,423.11,57700300,0.53%,52.20,420.59,421.62,422.23,422.32,421.238,73.15,16.66
6/23/2021,422.60,49445410,-0.12%,54.85,420.69,421.26,422.32,422.30,421.456,73.11,16.32
6/24/2021,425.10,45110290,0.59%,56.94,421.32,422.16,422.47,422.83,421.7575,73.31,15.97
6/25/2021,426.61,58129530,0.36%,54.76,423.66,423.08,422.70,423.22,422.1235,74.21,15.62
6/28/2021,427.47,53159580,0.20%,58.07,424.98,424.93,422.92,423.57,422.495,72.98,15.76
6/29/2021,427.70,35970520,0.05%,59.22,425.90,425.89,423.25,423.79,422.8965,73.14,16.02
6/30/2021,428.06,64827860,0.08%,60.90,426.99,426.62,423.84,424.12,423.283,73.52,15.83
7/1/2021,430.43,53441030,0.55%,58.51,428.05,428.14,424.69,425.04,423.866,75.33,15.48
7/2/2021,433.72,57697670,0.76%,61.00,429.48,429.94,426.57,426.33,424.422,75.37,15.07
7/6/2021,432.93,68710420,-0.18%,64.03,430.57,430.63,427.77,427.72,424.959,73.62,16.44
7/7/2021,434.46,63549460,0.35%,64.00,431.92,431.87,428.91,428.99,425.568,72.22,16.20
7/8/2021,430.92,97595230,-0.81%,71.05,432.49,431.59,429.74,429.27,426.0315,72.98,19.00
7/9/2021,435.52,76238580,1.07%,63.67,433.51,433.50,430.78,430.79,426.627,74.56,16.18
7/12/2021,437.08,52889590,0.36%,84.02,434.18,434.70,431.83,431.93,427.2655,74.21,16.17
7/13/2021,435.59,52911310,-0.34%,81.31,434.71,434.65,432.64,432.51,427.782,75.24,17.12
7/14/2021,436.24,64130350,0.15%,74.82,435.07,435.22,433.50,433.30,428.37,73.06,16.33
7/15/2021,434.75,55126360,-0.34%,76.98,435.84,434.96,434.16,433.72,429.002,71.67,17.01
7/16/2021,431.34,75874660,-0.78%,69.88,435.00,434.34,434.26,433.65,429.4705,71.76,18.45
7/19/2021,424.97,147987000,-1.48%,59.04,432.58,431.66,433.38,432.57,429.973,66.45,22.50
7/20/2021,431.06,99608170,1.43%,46.05,431.67,432.07,433.19,432.96,430.483,67.32,19.73
7/21/2021,434.55,64724390,0.81%,54.48,431.33,432.63,433.20,433.44,431.055,70.26,17.91
7/22/2021,435.46,47878540,0.21%,57.98,431.48,432.71,433.66,433.61,431.698,72.15,17.69
7/23/2021,439.94,63766640,1.03%,56.41,433.20,434.30,434.10,434.80,432.44,72.24,17.20
7/26/2021,441.02,43719190,0.25%,57.70,436.41,435.80,434.49,435.36,433.1605,72.15,17.58
7/27/2021,439.01,67397140,-0.46%,59.94,438.00,437.27,434.83,435.31,433.7375,71.68,19.36
7/28/2021,438.83,52472360,-0.04%,55.53,438.85,438.27,435.09,435.56,434.294,72.37,18.31
7/29/2021,440.65,47435340,0.41%,60.46,439.89,439.45,435.68,436.10,434.9235,73.62,17.70
7/30/2021,438.51,68951200,-0.49%,57.32,439.60,439.43,436.40,436.20,435.3275,73.93,18.24
8/2/2021,437.59,58783300,-0.21%,52.01,438.92,438.93,437.66,436.62,435.521,71.31,19.46
8/3/2021,441.15,58053900,0.81%,52.85,439.35,439.66,438.67,438.30,435.932,70.64,18.04
8/4/2021,438.98,46732210,-0.49%,56.47,439.38,439.22,439.11,438.73,436.158,68.19,17.97
8/5/2021,441.76,38969660,0.63%,55.48,439.60,440.17,439.74,439.60,436.7,69.10,17.28
8/6/2021,442.49,46930010,0.17%,63.71,440.39,440.56,440.00,440.24,437.0485,68.26,16.15
8/9/2021,442.13,41222590,-0.08%,77.07,441.30,440.97,440.11,440.39,437.301,66.56,16.72
8/10/2021,442.68,43339280,0.12%,70.78,441.61,441.76,440.48,440.58,437.6555,68.33,16.79
8/11/2021,443.78,44034340,0.25%,67.16,442.57,442.33,440.97,441.08,438.0325,69.30,16.06
8/12/2021,445.11,38942420,0.30%,67.42,443.24,443.42,441.42,441.72,438.5505,69.12,15.59
8/13/2021,445.92,39470250,0.18%,62.47,443.92,444.13,442.16,442.24,439.2795,68.36,15.45
8/16/2021,446.97,73930860,0.24%,61.97,444.89,444.94,443.10,443.03,440.3795,67.44,16.12
8/17/2021,444.04,92673930,-0.66%,70.41,445.16,444.61,443.39,443.27,441.0285,66.50,17.91
8/18/2021,439.18,89351930,-1.09%,61.71,444.24,443.17,443.41,442.62,441.26,65.36,21.57
8/19/2021,439.86,92812250,0.15%,47.09,443.19,442.78,443.22,442.76,441.48,63.69,21.67
8/20/2021,443.36,72008710,0.80%,52.83,442.68,443.25,443.30,443.24,441.651,62.25,18.56
8/23/2021,447.26,54973040,0.88%,60.92,442.74,444.21,443.82,444.02,441.963,65.65,17.15
8/24/2021,447.97,38744710,0.16%,61.42,443.53,444.48,444.35,444.57,442.411,67.50,17.22
8/25/2021,448.91,40529710,0.21%,67.77,445.47,445.32,444.86,445.17,442.915,68.54,16.79
8/26/2021,446.26,57829570,-0.59%,65.25,446.75,445.73,444.97,445.11,443.1955,67.42,18.84
8/27/2021,450.25,77235110,0.89%,57.43,448.13,447.92,445.41,445.93,443.7825,68.84,16.39
8/30/2021,452.23,48357360,0.44%,64.00,449.12,449.50,445.93,446.65,444.5145,69.28,16.19
8/31/2021,451.56,59300210,-0.15%,65.69,449.84,449.94,446.68,446.96,445.035,68.43,16.48
9/1/2021,451.80,48721380,0.05%,62.97,450.42,450.49,447.95,447.61,445.676,68.63,16.11
9/2/2021,453.19,42830870,0.31%,61.57,451.81,451.34,449.28,448.90,446.2475,70.07,16.41
9/3/2021,453.08,47234360,-0.02%,62.33,452.37,452.23,450.25,449.97,446.777,69.34,16.41
9/7/2021,451.46,51671530,-0.36%,60.70,452.22,452.07,450.67,450.47,447.2435,68.49,18.14
9/8/2021,450.91,56181910,-0.12%,63.62,452.09,451.78,450.97,450.71,447.655,69.36,17.96
9/9/2021,448.98,57970410,-0.43%,75.58,451.52,451.05,450.97,450.60,447.915,68.26,18.80
9/10/2021,445.44,89948170,-0.79%,68.86,449.97,449.50,450.89,449.97,447.9315,69.82,20.95
9/13/2021,446.58,83738650,0.26%,54.29,448.67,448.84,450.52,450.11,447.9645,70.54,19.37
9/14/2021,444.17,78197140,-0.54%,48.42,447.22,447.17,449.72,449.37,447.8245,70.53,19.46
9/15/2021,447.88,78792220,0.84%,41.80,446.61,447.44,449.35,449.38,448.0165,72.59,18.18
9/16/2021,447.17,77786740,-0.16%,48.01,446.25,446.80,448.89,448.95,448.416,72.69,18.69
9/17/2021,441.40,118425000,-1.29%,51.90,445.44,444.63,447.71,447.53,448.493,72.09,20.81
9/20/2021,434.04,166445500,-1.67%,32.83,442.93,441.64,445.80,445.22,448.027,70.41,25.71
9/21/2021,433.63,92526110,-0.09%,20.80,440.82,439.83,444.02,443.59,447.3455,70.51,24.36
9/22/2021,437.86,102350100,0.98%,20.98,438.82,439.84,442.72,442.90,446.84,72.37,20.87
9/23/2021,443.18,76395980,1.22%,30.02,438.02,440.27,442.14,442.80,446.5535,73.43,18.63
9/24/2021,443.91,62094840,0.16%,37.10,438.52,439.98,441.98,442.46,446.436,74.18,17.75
9/27/2021,442.64,61371110,-0.29%,38.37,440.24,439.90,441.59,442.10,446.0555,75.54,18.76
9/28/2021,433.72,130436300,-2.02%,38.72,440.26,438.07,440.54,440.16,445.13,75.44,23.25
9/29/2021,434.45,82329210,0.17%,31.89,439.58,438.32,439.20,439.44,444.2745,75.06,22.56
9/30/2021,429.14,140506000,-1.22%,34.29,436.77,436.10,437.40,437.37,443.1415,75.22,23.14
10/1/2021,434.24,129240100,1.19%,33.03,434.84,435.93,436.68,436.82,442.194,76.01,21.15
10/4/2021,428.64,128570000,-1.29%,38.13,432.04,432.77,436.14,435.22,440.972,77.68,22.96
10/5/2021,433.10,90682520,1.04%,35.93,431.91,432.39,436.09,435.59,440.054,79.17,21.30
10/6/2021,434.90,113032200,0.42%,36.78,432.00,432.91,435.79,435.87,439.2535,77.66,21.00
10/7/2021,438.66,72437500,0.86%,39.24,433.91,434.22,435.34,436.31,438.7375,78.46,19.54
10/8/2021,437.86,74557400,-0.18%,47.51,434.63,435.23,434.74,435.80,438.3585,79.55,18.77
10/11/2021,434.69,65233290,-0.72%,53.94,435.84,434.65,433.94,434.73,437.764,80.64,20.00
10/12/2021,433.62,71181160,-0.25%,51.04,435.95,435.10,433.93,433.88,437.2365,80.75,19.85
10/13/2021,435.18,72973980,0.36%,45.59,436.00,435.69,434.00,434.16,436.6015,80.67,18.64
10/14/2021,442.50,70236830,1.68%,40.97,436.77,438.17,435.34,435.55,436.368,81.43,16.86
10/15/2021,445.87,66260210,0.76%,48.61,438.37,439.80,436.50,437.25,436.5915,82.39,16.30
10/18/2021,447.19,62213230,0.30%,53.05,440.87,441.31,438.36,438.45,437.249,82.62,16.31
10/19/2021,450.64,46996830,0.77%,64.84,444.28,444.13,440.11,440.59,438.0995,83.19,15.70
10/20/2021,452.41,49571570,0.39%,66.83,447.72,446.99,441.86,442.35,438.827,84.40,15.49
10/21/2021,453.59,41305440,0.26%,76.12,449.94,449.68,443.36,443.99,439.3475,82.64,15.01
10/22/2021,453.12,58845090,-0.10%,73.81,451.39,451.00,444.88,445.13,439.808,84.53,15.43
10/25/2021,455.55,45214510,0.54%,84.48,453.06,452.78,446.97,446.82,440.4535,84.64,15.24
10/26/2021,455.96,56075120,0.09%,83.54,454.13,454.03,449.20,448.60,441.5655,85.64,15.98
10/27/2021,453.94,72438000,-0.44%,82.82,454.43,454.06,451.08,450.06,442.54,82.66,16.98
10/28/2021,458.32,51437940,0.96%,75.18,455.38,455.73,452.66,452.39,443.999,82.78,16.53
10/29/2021,459.25,70162420,0.20%,80.16,456.60,456.67,454.00,453.86,445.2495,83.50,16.26
11/1/2021,460.04,48433640,0.17%,88.76,457.50,457.75,455.28,455.10,446.8195,84.08,16.41
11/2/2021,461.90,48908420,0.40%,92.07,458.69,458.97,456.41,456.49,448.2595,83.91,16.03
11/3/2021,464.72,52509830,0.61%,92.15,460.85,460.70,457.64,457.92,449.7505,80.82,15.10
11/4/2021,466.91,52847090,0.47%,90.85,462.56,462.87,458.97,459.32,451.163,78.88,15.44
11/5/2021,468.53,66390560,0.35%,90.43,464.42,464.55,460.51,460.71,452.6965,81.25,16.48
11/8/2021,468.93,50405190,0.09%,90.54,466.20,465.92,461.85,462.04,454.4085,81.96,17.22
11/9/2021,467.38,51149150,-0.33%,89.30,467.29,466.59,462.99,462.86,456.0965,84.12,17.78
11/10/2021,463.62,69429650,-0.80%,82.47,467.07,466.07,463.96,463.11,457.5185,81.23,18.73
11/11/2021,463.77,34848500,0.03%,69.57,466.45,465.97,464.51,463.93,458.582,81.47,17.66
11/12/2021,467.27,53466650,0.75%,71.04,466.19,466.72,465.31,465.01,459.652,80.87,16.29
11/15/2021,467.43,46980500,0.03%,72.21,465.89,466.61,466.05,465.69,460.664,80.85,16.49
11/16/2021,469.28,48857500,0.40%,71.95,466.27,467.02,466.78,466.63,461.596,80.76,16.37
11/17/2021,468.14,47858290,-0.24%,79.55,467.18,466.90,467.13,467.03,462.3825,78.32,17.11
11/18/2021,469.73,50625610,0.34%,71.61,468.37,468.03,467.41,467.60,463.1895,78.92,17.59
11/19/2021,468.89,57315570,-0.18%,72.41,468.69,468.54,467.44,467.68,463.978,76.11,17.91
11/22/2021,467.57,72761950,-0.28%,68.89,468.72,468.32,467.31,467.47,464.579,76.74,19.17
11/23/2021,468.19,73206540,0.13%,62.39,468.50,468.54,467.39,467.47,465.1905,78.32,19.38
11/24/2021,469.44,61858810,0.27%,58.39,468.76,468.82,467.97,467.76,465.9655,78.32,18.58
11/26/2021,458.97,112669600,-2.23%,56.41,466.61,465.50,467.49,466.33,465.998,,28.62
11/29/2021,464.60,86268820,1.23%,33.29,465.75,465.94,467.22,466.97,466.2655,69.88,22.96
11/30/2021,455.56,148559600,-1.95%,43.60,463.35,462.36,466.04,465.10,466.0415,66.14,27.19
12/1/2021,450.50,132485800,-1.11%,35.70,459.81,459.07,464.16,463.21,465.4715,65.44,31.12
12/2/2021,457.40,127637800,1.53%,34.61,457.41,459.01,463.09,462.93,465.1055,66.60,27.95
12/3/2021,453.42,137331600,-0.87%,43.55,456.30,456.08,461.45,461.33,464.431,66.39,30.67
12/6/2021,458.79,98977530,1.18%,36.11,455.13,457.13,460.44,460.97,463.944,69.62,27.18
12/7/2021,468.28,95484690,2.07%,42.15,457.68,459.52,460.52,461.87,463.9115,71.94,21.89
12/8/2021,469.52,72238780,0.26%,49.20,461.48,461.63,460.65,462.15,464.0185,72.43,19.90
12/9/2021,466.35,61272570,-0.68%,51.10,463.27,463.10,460.34,461.68,464.155,70.87,21.58
12/10/2021,470.74,77159760,0.94%,47.37,466.74,465.76,461.52,462.23,464.5035,71.71,18.69
12/13/2021,466.57,87724680,-0.89%,51.36,468.29,466.68,461.71,462.43,464.4685,71.19,20.31
12/14/2021,463.36,97264130,-0.69%,49.29,467.31,466.65,462.49,462.01,464.265,70.57,21.89
12/15/2021,470.60,116899300,1.56%,46.71,467.52,468.41,464.50,463.97,464.331,70.89,19.29
12/16/2021,466.45,116568600,-0.88%,50.73,467.54,467.17,465.41,464.86,464.2465,72.34,20.57
12/17/2021,459.87,135636500,-1.41%,55.12,465.37,464.99,466.05,464.40,463.7535,70.93,21.57
12/20/2021,454.98,107134800,-1.06%,46.80,463.05,461.91,465.67,464.04,463.058,68.69,22.87
12/21/2021,463.06,69806260,1.78%,49.58,462.99,463.05,465.15,465.20,462.8325,71.10,21.01
12/22/2021,467.69,58890220,1.00%,58.62,462.41,464.56,464.97,465.61,462.8075,72.82,18.63
12/23/2021,470.60,56439750,0.62%,57.29,463.24,465.14,465.39,465.99,462.8655,73.89,17.96
12/27/2021,477.26,56808620,1.42%,62.36,466.72,467.91,466.04,467.55,463.78,75.49,17.68
12/28/2021,476.87,47274590,-0.08%,63.04,471.10,470.10,467.07,468.01,464.3935,76.01,17.54
12/29/2021,477.48,54502960,0.13%,56.96,473.98,473.22,468.49,468.97,465.4895,76.58,16.95
12/30/2021,476.16,55329040,-0.28%,56.52,475.67,474.71,469.04,469.88,466.7725,76.83,17.33
12/31/2021,474.96,65237430,-0.25%,58.28,476.55,475.44,469.89,470.12,467.6505,75.33,17.22
1/3/2022,477.71,72668230,0.58%,53.77,476.64,476.93,471.68,471.31,468.865,75.99,16.60
1/4/2022,477.55,71178680,-0.03%,60.20,476.77,476.94,473.93,472.74,469.803,77.00,16.91
1/5/2022,468.38,104538900,-1.92%,63.76,474.95,473.97,474.47,472.92,469.808,77.83,19.73
1/6/2022,467.94,86858900,-0.09%,47.93,473.31,472.61,474.49,473.28,469.729,79.47,19.61
1/7/2022,466.09,85111590,-0.40%,51.50,471.53,470.90,474.04,472.96,469.716,79.00,18.76
1/10/2022,465.51,119362000,-0.12%,56.90,469.09,469.53,472.87,472.49,469.4545,78.11,19.40
1/11/2022,469.75,74303060,0.91%,62.92,467.53,469.31,472.15,472.30,469.6135,81.17,18.41
1/12/2022,471.02,67605440,0.27%,59.06,468.06,468.70,471.51,471.95,469.9965,82.51,17.62
1/13/2022,464.53,91173120,-1.38%,54.96,467.38,466.88,470.34,470.24,469.693,81.97,20.31
1/14/2022,464.72,95890950,0.04%,41.83,467.11,466.49,469.32,469.32,469.6065,83.82,19.19
1/18/2022,456.49,109872400,-1.77%,29.55,465.30,463.57,467.20,466.99,469.4375,85.42,22.79
1/19/2022,451.75,109357600,-1.04%,23.53,461.70,460.78,464.62,464.39,469.276,86.84,23.85
1/20/2022,446.75,122379700,-1.11%,19.82,456.85,456.72,462.46,461.37,468.4605,86.29,25.59
1/21/2022,437.98,202271200,-1.96%,18.25,451.54,450.56,459.46,458.01,466.975,85.16,28.85
1/24/2022,439.84,252496700,0.42%,15.68,446.56,447.64,456.83,455.89,465.437,84.48,29.90
1/25/2022,434.47,167997300,-1.22%,14.27,442.16,442.53,453.73,452.77,463.2975,86.61,31.16
1/26/2022,433.38,186391100,-0.25%,12.99,438.48,439.23,450.09,450.03,461.123,88.33,31.96
1/27/2022,431.24,149878300,-0.49%,15.08,435.38,436.07,446.12,446.67,458.811,87.61,30.49
1/28/2022,441.95,164457400,2.48%,14.59,436.18,437.57,443.86,445.36,457.1005,87.67,27.66
1/31/2022,449.91,152251400,1.80%,30.11,438.19,440.75,442.38,444.96,455.848,89.16,24.83
2/1/2022,452.95,123155400,0.68%,38.54,441.89,443.11,442.02,444.30,454.61,88.22,21.96
2/2/2022,457.35,117361000,0.97%,37.44,446.68,447.04,442.58,444.81,453.6,88.16,22.09
2/3/2022,446.60,118024400,-2.35%,40.23,449.75,446.65,442.57,443.31,452.511,90.17,24.35
2/4/2022,448.70,118454400,0.47%,37.93,451.10,449.40,443.64,443.68,451.549,92.27,23.22
2/7/2022,447.26,84472860,-0.32%,39.48,450.57,449.82,444.38,444.30,450.6075,91.25,22.86
2/8/2022,450.94,81012040,0.82%,43.35,450.17,450.69,446.03,445.57,449.879,89.32,21.44
2/9/2022,457.54,92589930,1.46%,49.41,450.21,452.63,448.44,448.12,449.2685,89.57,19.96
2/10/2022,449.32,140103700,-1.80%,57.72,450.75,449.91,450.25,448.60,448.1835,89.83,23.91
2/11/2022,440.46,153214600,-1.97%,58.17,449.10,447.32,450.10,448.47,446.98,93.10,27.36
2/14/2022,439.02,123006300,-0.33%,50.41,447.46,445.74,449.01,448.09,445.695,95.52,28.33
2/15/2022,446.10,88659500,1.61%,53.14,446.49,447.00,448.33,448.48,445.1755,92.07,25.70
2/16/2022,446.60,84863590,0.11%,58.11,444.30,446.53,447.25,448.01,444.918,93.83,24.29
2/17/2022,437.06,102259100,-2.14%,60.00,441.85,441.89,446.30,445.40,444.4335,91.78,28.11
2/18/2022,434.23,132642900,-0.65%,46.77,440.60,439.31,444.85,444.11,444.246,91.26,27.75
2/22/2022,429.57,124391800,-1.07%,38.88,438.71,436.92,443.08,442.07,443.7325,92.11,28.81
2/23/2022,421.95,132578000,-1.77%,33.79,433.88,433.12,440.19,439.24,443.1065,92.14,31.02
2/24/2022,428.30,213942900,1.50%,26.50,430.22,432.02,437.26,438.02,442.8525,92.77,30.32
2/25/2022,437.75,121804500,2.21%,37.10,430.36,432.73,436.10,437.35,443.178,91.68,27.59
2/28/2022,436.63,145615000,-0.26%,43.00,430.84,432.45,435.72,436.20,442.912,96.13,30.15
3/1/2022,429.98,137785900,-1.52%,43.18,430.92,430.55,434.82,434.68,441.9155,103.66,33.32
3/2/2022,437.89,117726500,1.84%,37.05,434.11,433.24,434.00,435.38,441.1625,110.74,30.74
3/3/2022,435.71,105501700,-0.50%,38.05,435.59,434.64,432.91,434.31,440.0805,107.69,30.48
3/4/2022,432.17,114083300,-0.81%,41.07,434.48,434.45,432.42,432.77,439.359,115.77,31.98
3/7/2022,419.43,137896600,-2.95%,44.15,431.04,429.46,430.94,430.06,437.8955,119.26,36.45
3/8/2022,416.25,164772700,-0.76%,38.08,428.29,426.11,429.61,428.27,436.345,123.64,35.13
3/9/2022,427.41,116990800,2.68%,30.93,426.19,428.00,430.15,429.21,435.1685,108.81,32.45
3/10/2022,425.48,93972660,-0.45%,39.21,424.15,425.96,429.87,429.30,433.5655,105.93,30.23
3/11/2022,420.07,95636280,-1.27%,42.88,421.73,422.79,428.10,428.09,432.103,109.31,30.75
3/14/2022,417.00,95729190,-0.73%,41.56,421.24,420.15,426.14,426.08,430.93,103.22,31.77
3/15/2022,426.17,106219100,2.20%,42.36,423.23,422.88,425.76,426.14,430.2875,96.42,29.83
3/16/2022,435.62,144954800,2.22%,52.52,424.87,427.36,425.53,427.55,429.7635,94.85,26.67
3/17/2022,441.07,102676900,1.25%,54.21,427.99,430.27,426.07,428.36,429.487,102.97,25.67
3/18/2022,444.52,106345500,0.78%,52.00,432.88,433.50,427.30,429.42,429.86,104.69,23.87
3/21/2022,444.39,88349760,-0.03%,54.63,438.35,436.71,429.80,430.41,430.368,112.14,23.53
3/22/2022,449.59,74650390,1.17%,59.15,443.04,442.10,433.13,433.40,431.369,111.03,22.94
3/23/2022,443.80,79426100,-1.29%,57.69,444.67,443.29,434.77,435.07,432.4615,114.89,23.57
3/24/2022,450.49,64736890,1.51%,55.08,446.56,446.61,437.27,437.63,433.571,114.20,21.67
3/25/2022,452.69,77101320,0.49%,61.06,448.19,448.60,440.53,440.07,434.318,116.20,20.81
3/28/2022,455.91,68529770,0.71%,73.01,450.50,450.76,444.43,443.33,435.282,107.55,19.63
3/29/2022,461.55,86581540,1.24%,77.42,452.89,454.18,447.96,447.54,436.8605,104.25,18.90
3/30/2022,458.70,79666940,-0.62%,75.55,455.87,454.83,450.27,449.91,437.901,107.81,19.33
3/31/2022,451.64,121699900,-1.54%,74.53,456.10,454.46,451.33,450.52,438.6975,100.53,20.56
4/1/2022,452.92,89048770,0.28%,72.75,456.14,455.04,452.17,451.62,439.735,99.32,19.63
4/4/2022,456.80,59601000,0.86%,76.58,456.32,456.36,453.41,453.01,441.6035,103.29,18.57
4/5/2022,451.03,74214500,-1.26%,74.59,454.22,454.56,453.55,452.98,443.3425,101.98,21.03
4/6/2022,446.52,106898000,-1.00%,63.15,451.78,451.65,453.83,452.27,444.298,96.39,22.10
4/7/2022,448.77,78097210,0.50%,54.73,451.21,450.78,453.65,452.91,445.4625,96.05,21.55
4/8/2022,447.57,79272710,-0.27%,53.76,450.14,450.00,453.14,452.55,446.8375,98.35,21.16
4/11/2022,439.92,89770540,-1.71%,52.76,446.76,446.73,451.54,450.74,447.9835,94.22,24.37
4/12/2022,438.29,84363640,-0.37%,41.94,444.21,443.94,449.22,449.13,448.5895,100.52,24.26
4/13/2022,443.31,74070390,1.15%,45.07,443.57,443.91,447.68,448.14,448.974,104.26,21.82
4/14/2022,437.79,97869450,-1.25%,43.37,441.38,441.64,446.29,445.88,448.81,106.84,22.70
4/18/2022,437.97,66002500,0.04%,37.04,439.46,440.24,444.80,444.78,448.4825,108.24,22.17
4/19/2022,445.04,77821010,1.61%,33.52,440.48,441.32,443.62,444.84,448.515,102.54,21.37
4/20/2022,444.71,65224450,-0.07%,35.22,441.76,441.89,442.99,443.82,448.271,102.56,20.32
4/21/2022,438.06,85417330,-1.50%,36.89,440.71,440.53,442.14,442.09,447.984,103.89,22.68
4/22/2022,426.04,132471800,-2.74%,37.17,438.36,435.82,439.87,439.22,446.7615,102.86,28.21
4/25/2022,428.51,119647700,0.58%,28.89,436.47,435.08,437.96,437.80,445.5525,99.60,27.02
4/26/2022,416.10,103996300,-2.90%,27.28,430.68,429.68,435.58,433.99,443.562,102.62,33.52
4/27/2022,417.27,122030000,0.28%,24.66,425.20,426.21,433.48,432.25,441.348,101.96,31.60
4/28/2022,427.81,105449100,2.53%,27.70,423.15,426.07,431.93,432.45,439.8035,105.47,29.99
4/29/2022,412.00,145491100,-3.70%,35.81,420.34,419.43,429.35,428.31,437.8215,104.59,33.40
5/2/2022,414.48,158312500,0.60%,29.90,417.53,418.39,427.00,426.65,435.8995,105.18,32.34
5/3/2022,416.38,100028200,0.46%,34.73,417.59,417.15,424.14,425.07,433.8785,102.53,29.25
5/4/2022,429.06,144247900,3.05%,36.89,419.95,421.41,422.57,425.03,432.78,107.84,25.42
5/5/2022,413.81,172929100,-3.55%,42.19,417.15,417.90,420.15,420.98,431.1445,108.17,31.20
5/6/2022,411.34,151770800,-0.60%,38.12,417.01,415.21,418.68,418.55,429.273,109.72,30.19
5/9/2022,398.17,155586100,-3.20%,37.10,413.75,410.73,415.64,414.95,426.803,103.08,34.75
5/10/2022,399.09,132497200,0.23%,28.57,410.29,408.86,413.94,412.63,424.7615,99.74,32.99
5/11/2022,392.75,142361000,-1.59%,29.25,403.03,404.45,411.49,410.09,422.4845,105.50,32.56
5/12/2022,392.34,125090800,-0.10%,29.34,398.74,399.47,407.94,408.01,419.936,106.15,31.77
5/13/2022,401.72,104174400,2.39%,32.81,396.81,399.73,406.91,406.81,418.1325,110.52,28.87
5/16/2022,400.09,78622440,-0.41%,37.23,397.20,397.91,405.48,405.67,416.2385,114.07,27.47
5/17/2022,408.32,83029710,2.06%,41.50,399.04,400.91,404.67,405.99,414.4025,112.31,26.10
5/18/2022,391.86,117674500,-4.03%,45.58,398.87,396.65,400.95,402.34,411.76,109.67,30.96
5/19/2022,389.46,98510720,-0.61%,33.22,398.29,395.73,398.51,398.86,409.33,112.21,29.35
5/20/2022,389.63,131432200,0.04%,37.97,395.87,395.40,396.34,396.90,407.5095,112.63,29.43
5/23/2022,396.92,76414880,1.87%,36.41,395.24,396.22,396.22,396.45,405.93,110.32,28.48
5/24/2022,393.89,91448830,-0.76%,39.95,392.35,394.79,395.70,395.79,404.8195,112.55,29.45
5/25/2022,397.37,91472870,0.88%,29.82,393.45,394.02,396.16,396.00,403.8245,112.88,28.37
5/26/2022,405.31,82168340,2.00%,39.10,396.62,397.41,397.46,397.82,402.6995,116.19,27.50
5/27/2022,415.26,84768710,2.45%,46.27,401.75,402.84,398.81,400.69,402.8625,114.96,25.72
5/31/2022,412.93,95936980,-0.56%,61.01,404.95,405.48,400.10,401.38,402.785,114.38,26.19
6/1/2022,409.59,86585810,-0.81%,58.76,408.09,406.50,400.22,401.82,402.4455,115.26,25.69
6/2/2022,417.39,79609630,1.90%,61.07,412.10,411.19,402.78,403.34,401.862,116.88,24.72
6/3/2022,410.54,71874280,-1.64%,65.01,413.14,411.58,404.88,404.19,401.6985,118.97,24.79
6/6/2022,411.79,57508860,0.30%,55.45,412.45,412.69,407.10,406.14,401.721,118.41,25.07
6/7/2022,415.74,59272370,0.96%,57.27,413.01,413.55,408.98,408.67,402.5995,119.55,24.02
6/8/2022,411.22,64349970,-1.09%,54.87,413.34,412.41,410.71,409.39,403.206,121.94,23.96
6/9/2022,401.44,86289800,-2.38%,65.05,410.15,409.37,411.12,409.03,403.6405,121.52,26.09
6/10/2022,389.80,132893900,-2.90%,58.36,406.00,403.36,409.57,407.24,403.5135,120.73,27.75
6/13/2022,375.00,170004900,-3.80%,50.10,398.64,395.67,405.54,403.29,402.1775,120.92,34.02
6/14/2022,373.87,104011800,-0.30%,37.91,390.27,390.38,401.64,399.79,400.8665,118.92,32.69
6/15/2022,379.20,125666800,1.43%,38.72,383.86,386.58,398.60,397.56,399.4105,115.32,29.62
6/16/2022,366.65,134473300,-3.31%,39.97,376.90,378.12,393.53,392.79,398.15,117.56,32.95
6/17/2022,365.86,111113900,-0.22%,29.70,372.12,373.22,389.06,388.50,396.97,109.56,31.13
6/21/2022,375.07,76811860,2.52%,21.30,372.13,373.10,385.39,386.51,396.242,110.49,30.19
6/22/2022,374.39,90059420,-0.18%,29.63,372.23,372.88,381.25,383.39,395.1155,106.22,28.95
6/23/2022,378.06,79292140,0.98%,30.51,372.01,374.18,377.93,380.67,394.324,105.75,29.05
6/24/2022,390.08,98050330,3.18%,27.17,376.69,378.03,376.80,380.14,393.9595,109.07,27.23
6/27/2022,388.59,66009620,-0.38%,38.80,381.24,380.66,376.68,378.94,393.1235,111.44,26.95
6/28/2022,380.65,86689820,-2.04%,37.33,382.35,381.04,377.24,377.40,391.393,113.66,28.36
6/29/2022,380.34,65676000,-0.08%,31.64,383.54,381.68,377.89,377.81,389.7635,111.65,28.16
6/30/2022,377.25,112508300,-0.81%,33.10,383.38,381.45,377.69,377.77,388.1465,107.76,28.71
7/1/2022,381.24,74839730,1.06%,35.71,381.61,382.67,379.15,378.34,386.339,110.30,26.70
7/5/2022,381.96,81437970,0.19%,44.44,380.29,381.73,380.76,379.66,384.91,101.55,27.54
7/6/2022,383.25,70426240,0.34%,55.53,380.81,381.28,381.58,381.22,383.483,100.31,26.73
7/7/2022,388.99,64525920,1.50%,57.44,382.54,383.54,383.04,382.93,382.1455,104.62,26.08
7/8/2022,388.67,72397770,-0.08%,57.71,384.82,384.58,384.10,384.06,381.018,106.78,24.64
7/11/2022,384.23,58366950,-1.14%,71.48,385.42,384.62,383.52,384.13,380.1575,106.09,26.17
7/12/2022,380.83,62219180,-0.88%,66.73,385.19,383.89,382.74,383.03,379.709,97.69,27.29
7/13/2022,378.83,84224650,-0.53%,55.87,384.31,383.07,382.56,382.03,379.9005,98.44,26.82
7/14/2022,377.91,89704820,-0.24%,54.40,382.09,382.18,382.32,381.71,380.1025,97.79,26.40
7/15/2022,385.13,79060380,1.91%,49.84,381.39,383.11,383.10,382.83,380.399,99.59,24.23
7/18/2022,381.95,63203630,-0.83%,44.23,380.93,381.57,383.18,382.89,381.164,104.48,25.30
7/19/2022,392.27,78505970,2.70%,42.55,383.22,384.71,384.21,384.83,382.4845,106.12,24.50
7/20/2022,394.77,71843770,0.64%,62.38,386.41,387.07,385.36,386.13,383.4695,104.45,23.88
7/21/2022,398.79,64903860,1.02%,64.69,390.58,390.53,386.34,387.80,384.6895,98.44,23.11
7/22/2022,395.09,72197330,-0.93%,71.51,392.57,392.08,386.98,387.93,385.541,97.71,23.03
7/25/2022,395.57,53631490,0.12%,63.91,395.30,393.57,388.11,388.54,385.8155,99.83,23.36
7/26/2022,390.89,52946390,-1.18%,63.74,395.02,393.83,389.12,388.62,385.9305,97.74,24.69
7/27/2022,401.04,82342110,2.60%,57.22,396.28,397.03,391.34,391.29,386.95,100.03,23.24
7/28/2022,406.07,73966560,1.25%,60.51,397.73,399.54,394.16,394.02,388.2365,99.11,22.33
7/29/2022,411.99,87003670,1.46%,64.02,401.11,402.48,396.84,397.40,389.9735,101.31,21.33
8/1/2022,410.77,69997470,-0.30%,71.85,404.15,404.33,399.73,399.37,391.45,96.59,22.84
8/2/2022,408.06,63435420,-0.66%,74.40,407.59,405.45,401.30,401.24,392.755,97.14,23.93
8/3/2022,414.45,67820560,1.57%,73.55,410.27,409.87,403.27,403.69,394.315,93.25,21.95
8/4/2022,414.17,45656570,-0.07%,77.06,411.89,411.57,404.81,405.25,395.574,91.29,21.44
8/5/2022,413.47,56814930,-0.17%,73.97,412.18,412.42,406.65,406.38,396.814,91.77,21.15
8/8/2022,412.99,54025970,-0.12%,77.13,412.63,412.45,408.39,407.80,398.252,93.52,21.29
8/9/2022,411.35,44931770,-0.40%,71.47,413.29,412.20,410.44,408.93,399.778,93.18,21.77
8/10/2022,419.99,68665710,2.10%,67.49,414.39,415.52,412.33,412.17,401.836,94.68,19.74
8/11/2022,419.99,59489700,0.00%,70.38,415.56,416.26,413.72,413.72,403.94,97.02,20.20
8/12/2022,427.10,61694540,1.69%,75.77,418.28,419.41,415.23,416.15,406.0385,94.86,19.53
8/15/2022,428.86,54048280,0.41%,78.69,421.46,421.81,417.04,417.71,408.384,92.24,19.95
8/16/2022,429.70,59289040,0.20%,86.49,425.13,424.21,419.21,419.34,410.2555,89.23,19.69
8/17/2022,426.65,63563390,-0.71%,83.54,426.46,425.64,420.43,420.56,411.8495,90.85,19.90
8/18/2022,427.89,49023210,0.29%,75.26,428.04,426.94,421.80,421.78,413.3045,93.20,19.56
8/19/2022,422.14,68016900,-1.34%,72.05,427.05,426.07,422.67,421.86,414.657,93.55,20.60
8/22/2022,413.35,77695640,-2.08%,64.01,423.95,422.48,422.70,420.97,415.546,93.42,23.80
8/23/2022,412.35,49105250,-0.24%,55.67,420.48,420.08,422.80,420.82,416.619,96.46,24.11
8/24/2022,413.67,49177800,0.32%,47.46,417.88,418.21,422.17,421.14,417.2505,95.52,22.82
8/25/2022,419.51,50942250,1.41%,49.41,416.20,418.42,422.12,421.69,417.9225,93.33,21.78
8/26/2022,405.31,103087000,-3.38%,56.36,412.84,412.57,419.94,419.07,417.5885,93.63,25.56
8/29/2022,402.63,65370810,-0.66%,43.72,410.69,409.44,417.32,416.80,417.1815,97.40,26.21
8/30/2022,398.21,85652440,-1.10%,42.99,407.87,406.53,414.17,413.85,416.689,92.08,26.21
8/31/2022,395.18,76029670,-0.76%,31.22,404.17,403.64,411.02,410.72,415.7255,90.09,25.87
9/1/2022,396.42,78740080,0.31%,29.67,399.55,401.59,407.88,408.37,414.838,87.09,25.56
9/2/2022,392.24,99632150,-1.05%,22.19,396.94,397.11,404.89,405.03,413.7765,87.29,25.47
9/6/2022,390.76,76637400,-0.38%,18.20,394.56,394.88,402.63,402.32,412.665,87.35,26.91
9/7/2022,397.78,70964230,1.80%,16.56,394.48,395.63,401.17,401.75,411.9865,82.50,24.64
9/8/2022,400.38,80821680,0.65%,26.79,395.52,396.44,399.84,401.03,411.006,84.04,23.61
9/9/2022,406.60,76706920,1.55%,28.36,397.55,399.21,398.55,401.07,410.3365,87.27,22.79
9/12/2022,410.97,69256260,1.07%,37.86,401.30,402.02,399.12,400.81,409.53,88.18,23.87
9/13/2022,393.10,122947100,-4.35%,48.00,401.77,398.57,398.16,398.02,407.742,87.84,27.27
9/14/2022,394.60,85023750,0.38%,37.41,401.13,399.38,397.80,397.52,405.987,88.88,26.16
9/15/2022,390.12,87633840,-1.14%,37.56,399.08,397.46,397.30,396.41,404.1605,85.72,26.27
9/16/2022,385.56,103084800,-1.17%,30.48,394.87,394.57,396.21,395.16,402.044,85.57,26.30
9/19/2022,388.55,73278490,0.78%,34.96,390.39,392.76,395.84,394.82,400.3645,86.15,25.76
9/20/2022,384.09,77274880,-1.15%,39.33,388.58,388.29,395.18,393.71,398.9015,84.69,27.16
9/21/2022,377.39,106746600,-1.74%,39.30,385.14,384.85,393.14,391.94,397.1535,83.38,27.99
9/22/2022,374.22,89472640,-0.84%,37.23,381.96,381.50,390.52,389.70,395.181,84.02,27.35
9/23/2022,367.95,122346900,-1.68%,34.50,378.44,377.29,386.66,386.42,392.603,79.07,29.92
9/26/2022,364.31,92581240,-0.99%,33.52,373.59,373.73,381.99,382.59,390.553,77.17,32.26
9/27/2022,363.38,108294100,-0.26%,32.56,369.45,370.19,379.02,378.61,388.5905,78.91,32.60
9/28/2022,370.53,110802200,1.97%,25.34,368.08,369.81,376.61,377.47,387.2065,82.61,30.18
9/29/2022,362.79,112952300,-2.09%,29.92,365.79,366.32,373.88,374.10,385.587,81.78,31.84
9/30/2022,357.18,153711200,-1.55%,21.11,363.64,362.92,371.04,370.84,383.625,79.91,31.62
10/3/2022,366.61,89756480,2.64%,15.10,364.10,364.63,368.85,370.23,382.3435,84.05,30.10
10/4/2022,377.97,103602800,3.10%,30.70,367.02,368.72,368.23,370.50,381.704,86.87,29.07
10/5/2022,377.09,88065670,-0.23%,39.41,368.33,370.37,368.20,369.84,380.6695,88.22,28.55
10/6/2022,373.20,82333540,-1.03%,41.30,370.41,369.95,368.10,369.11,379.3105,88.90,30.52
10/7/2022,362.79,107789500,-2.79%,41.67,371.53,367.87,367.59,367.14,377.12,93.07,31.36
10/10/2022,360.02,76042770,-0.76%,34.22,370.21,367.69,367.16,366.21,374.5725,91.60,32.45
10/11/2022,357.74,92482790,-0.63%,34.95,366.17,366.06,366.59,365.44,372.8045,89.75,33.63
10/12/2022,356.56,76991800,-0.33%,36.99,362.06,362.97,365.20,364.77,370.9025,87.83,33.57
10/13/2022,365.97,147254500,2.64%,37.99,360.62,363.36,365.51,365.34,369.695,89.59,31.94
10/14/2022,357.63,123737000,-2.28%,48.71,359.58,359.62,365.56,364.08,368.2985,86.10,32.02
10/17/2022,366.82,93168230,2.57%,45.90,360.94,362.00,365.58,365.79,367.212,86.00,31.37
10/18/2022,371.13,97162850,1.17%,51.92,363.62,364.34,364.90,366.59,366.564,83.29,30.50
10/19/2022,368.50,79746860,-0.71%,50.35,366.01,365.25,364.04,365.55,366.1195,86.00,30.76
10/20/2022,365.41,88283090,-0.84%,53.49,365.90,365.81,363.26,364.29,365.679,86.02,29.98
10/21/2022,374.29,131038400,2.43%,55.20,369.23,368.70,364.41,365.26,365.996,85.47,29.69
10/24/2022,378.87,85436910,1.22%,54.88,371.64,372.44,366.29,367.04,366.724,86.12,29.85
10/25/2022,384.92,78846350,1.60%,50.63,374.40,376.07,369.01,369.68,367.801,86.93,28.46
10/26/2022,382.02,104087300,-0.75%,55.08,377.10,376.94,371.56,371.38,368.3755,89.39,27.28
10/27/2022,379.98,81971760,-0.53%,55.80,380.02,378.06,372.96,373.09,369.235,89.06,27.39
10/28/2022,389.02,100302000,2.38%,62.71,382.96,383.02,376.10,375.88,370.827,87.85,25.75
10/31/2022,386.21,96631260,-0.72%,69.62,384.43,384.04,378.04,377.93,371.807,86.54,25.88
11/1/2022,384.52,85407600,-0.44%,69.12,384.35,384.46,379.37,379.21,372.1345,88.36,25.81
11/2/2022,374.87,126990400,-2.51%,68.65,382.92,381.19,380.01,378.56,372.0235,90.06,25.86
11/3/2022,371.01,87100120,-1.03%,55.92,381.13,378.95,380.57,378.37,371.914,88.14,25.30
11/4/2022,376.35,103505200,1.44%,59.46,378.59,379.53,380.78,379.80,372.592,92.58,24.55
11/7/2022,379.95,68286950,0.96%,57.13,377.34,379.04,380.89,380.63,373.5885,91.80,24.35
11/8/2022,382.00,84641060,0.54%,56.67,376.84,378.89,380.59,381.09,374.8015,88.80,25.54
11/9/2022,374.13,78495470,-2.06%,60.29,376.69,375.93,379.80,379.42,375.68,85.79,26.09
11/10/2022,394.69,141455800,5.50%,56.20,381.42,382.69,381.28,382.51,377.116,86.52,23.53
11/11/2022,398.51,93839870,0.97%,62.43,385.86,387.12,382.22,384.41,379.16,89.14,22.52
11/14/2022,395.12,71893170,-0.85%,62.08,388.89,388.94,383.12,384.57,380.575,85.85,23.73
11/15/2022,398.49,93194450,0.85%,56.49,392.19,392.09,384.51,385.91,381.943,86.87,24.54
11/16/2022,395.45,68508450,-0.76%,60.41,396.45,393.28,386.57,386.50,383.2905,85.62,24.11
11/17/2022,394.24,74496260,-0.31%,59.66,396.36,395.71,388.89,387.96,384.732,81.69,23.93
11/18/2022,396.03,92922450,0.45%,53.61,395.87,396.25,390.86,390.19,385.819,80.07,23.12
11/21/2022,394.59,51243190,-0.36%,56.89,395.76,395.44,392.33,391.54,386.605,79.74,22.36
11/22/2022,399.90,60429030,1.35%,57.09,396.04,397.14,394.12,393.70,387.354,80.83,21.29
11/23/2022,402.42,68261630,0.63%,68.78,397.44,398.17,396.94,395.62,388.374,77.93,20.35
11/25/2022,402.33,30545430,-0.02%,74.05,399.05,399.07,397.71,397.92,389.4915,76.45,20.50
11/28/2022,395.91,68021750,-1.60%,71.63,399.03,398.01,397.45,397.38,389.836,77.10,22.21
11/29/2022,395.23,52310040,-0.17%,62.69,399.16,397.76,397.46,397.04,390.287,77.96,21.89
11/30/2022,407.68,144566700,3.15%,60.75,400.71,402.00,398.38,399.32,391.445,80.48,20.58
12/1/2022,407.38,76398170,-0.07%,75.38,401.71,402.94,399.57,400.01,393.0705,81.06,19.84
12/2/2022,406.91,85342730,-0.12%,63.84,402.62,403.44,400.84,400.91,394.8655,79.86,19.06
12/5/2022,399.59,77289820,-1.80%,59.89,403.36,401.61,401.19,400.61,396.0275,76.83,20.75
12/6/2022,393.83,77972220,-1.44%,54.82,403.08,400.18,401.12,399.86,396.7215,74.21,22.17
12/7/2022,393.16,65927900,-0.17%,45.23,400.17,399.77,400.44,399.67,397.2795,71.93,22.68
12/8/2022,396.24,60737910,0.78%,47.53,397.95,398.86,399.83,399.68,398.385,71.30,22.29
12/9/2022,393.28,81447730,-0.75%,52.07,395.22,396.39,398.92,398.64,398.3145,71.05,22.83
12/12/2022,398.95,75405840,1.44%,47.22,395.09,396.46,399.23,398.93,398.3365,72.96,25.00
12/13/2022,401.97,123782500,0.76%,54.06,396.72,397.38,399.90,399.72,398.679,75.44,22.55
12/14/2022,399.40,108111300,-0.64%,52.01,397.97,397.61,399.07,399.81,398.7245,77.14,21.14
12/15/2022,389.63,117705900,-2.45%,47.07,396.65,395.19,397.30,397.35,398.4335,75.89,22.83
12/16/2022,383.27,119858000,-1.63%,39.61,394.64,392.19,394.93,394.75,397.885,74.19,22.62
12/19/2022,380.02,79878100,-0.85%,39.65,390.86,389.77,392.98,392.22,397.0845,75.05,22.42
12/20/2022,380.54,74427240,0.14%,38.05,386.57,387.42,391.65,390.71,396.382,75.92,21.48
12/21/2022,386.23,78167370,1.50%,23.76,383.94,386.46,390.95,390.66,395.6985,78.17,20.07
12/22/2022,380.72,100120900,-1.43%,31.48,382.16,382.87,389.40,389.09,394.6135,77.68,21.97
12/23/2022,382.91,59857330,0.58%,28.93,382.08,382.41,388.36,388.22,393.6425,79.57,20.87
12/27/2022,381.40,51638180,-0.39%,35.37,382.36,381.86,386.61,387.10,392.917,79.45,21.65
12/28/2022,376.66,70911520,-1.24%,38.22,381.58,380.46,384.08,384.80,391.9885,78.89,22.14
12/29/2022,383.44,66970880,1.80%,35.49,381.03,382.20,382.48,383.96,390.7765,78.43,21.44
12/30/2022,382.43,84022210,-0.26%,39.43,381.37,381.49,381.76,382.47,389.529,80.16,21.67
1/3/2023,380.82,74850730,-0.42%,40.74,380.95,381.19,381.52,381.59,388.2245,76.87,22.90
1/4/2023,383.76,85934100,0.77%,33.38,381.42,381.89,381.89,381.92,387.433,72.82,22.01
1/5/2023,379.38,76970460,-1.14%,33.28,381.97,380.74,381.78,381.43,386.7105,73.61,22.46
1/6/2023,388.08,104189600,2.29%,32.21,382.89,384.00,381.96,382.92,386.4565,73.77,21.13
1/9/2023,387.86,73978070,-0.06%,48.60,383.98,384.55,382.67,383.03,386.0375,74.69,21.97
1/10/2023,390.58,65358090,0.70%,54.68,385.93,386.18,383.44,384.11,385.9025,75.11,20.58
1/11/2023,395.52,68881080,1.26%,60.88,388.28,389.13,384.85,385.64,385.731,77.46,21.09
1/12/2023,396.96,90157700,0.36%,64.15,391.80,391.18,386.88,387.05,385.4805,78.32,18.83
1/13/2023,398.50,63903930,0.39%,61.02,393.88,394.03,388.39,388.99,385.4355,79.90,18.35
1/17/2023,397.77,62677280,-0.18%,69.88,395.87,395.18,389.92,390.09,385.8425,80.25,19.36
1/18/2023,391.49,99632260,-1.58%,67.18,396.05,394.41,390.99,390.21,386.2535,79.53,20.34
1/19/2023,388.64,86958920,-0.73%,60.50,394.67,393.58,391.48,390.56,386.6845,80.31,20.52
1/20/2023,395.88,91806360,1.86%,62.98,394.46,395.07,393.13,392.28,387.4515,81.27,19.85
1/23/2023,400.63,84178800,1.20%,63.35,394.88,396.51,394.38,394.49,388.1715,81.62,19.81
1/24/2023,400.20,59524910,-0.11%,68.08,395.37,396.65,395.62,395.44,389.1455,79.86,19.20
1/25/2023,400.35,84800250,0.04%,69.71,397.14,397.03,396.59,396.48,390.0175,79.78,19.08
1/26/2023,404.75,72287430,1.10%,67.89,400.36,399.68,397.52,398.08,391.185,80.64,18.73
1/27/2023,405.68,68346180,0.23%,77.34,402.32,402.13,398.39,399.00,392.636,79.73,18.51
1/30/2023,400.59,74202020,-1.25%,72.79,402.31,401.74,398.60,398.79,393.4935,77.97,19.94
1/31/2023,406.48,86811790,1.47%,64.64,403.57,403.70,399.47,400.03,394.696,78.95,19.40
2/1/2023,410.80,101459200,1.06%,67.04,405.66,405.98,401.40,401.53,396.195,76.34,17.87
2/2/2023,416.78,101654500,1.46%,66.59,408.07,409.37,404.21,404.20,397.846,75.87,18.73
2/3/2023,412.35,94736780,-1.06%,69.59,409.40,409.49,405.86,405.69,399.4945,73.40,18.33
2/6/2023,409.83,60295330,-0.61%,62.95,411.25,409.54,406.78,406.58,400.582,74.11,19.43
2/7/2023,415.19,90990750,1.31%,60.91,412.99,412.56,408.28,408.31,401.9485,77.17,18.66
2/8/2023,410.65,76227460,-1.09%,71.81,412.96,412.21,409.31,408.71,402.952,78.47,19.63
2/9/2023,407.09,78694860,-0.87%,69.64,411.02,411.00,409.54,408.91,403.5305,78.04,20.71
2/10/2023,408.04,70769720,0.23%,60.71,410.16,410.03,409.78,409.27,404.0845,79.74,20.53
2/13/2023,412.83,64913540,1.17%,57.63,410.76,411.05,411.00,410.33,404.801,80.14,20.34
2/14/2023,412.64,88389310,-0.05%,61.94,410.25,411.39,411.62,411.30,405.5445,79.08,18.91
2/15/2023,413.98,61685280,0.32%,61.61,410.92,411.49,411.94,412.05,406.669,78.57,18.23
2/16/2023,408.28,76431470,-1.38%,59.25,411.15,410.04,411.09,411.27,407.651,78.45,20.17
2/17/2023,407.26,89257820,-0.25%,52.38,411.00,409.86,410.58,410.39,408.22,76.31,20.02
2/21/2023,399.09,82655920,-2.01%,56.59,408.25,407.03,409.51,408.49,408.143,76.28,22.87
2/22/2023,398.54,83742290,-0.14%,43.01,405.43,405.01,407.84,407.51,408.06,73.95,22.29
2/23/2023,400.66,96242400,0.53%,37.52,402.77,403.84,406.84,406.53,408.0755,75.26,21.14
2/24/2023,396.38,108194400,-1.07%,32.18,400.39,400.64,405.77,404.94,407.657,76.19,21.67
2/27/2023,397.73,80444740,0.34%,32.29,398.48,399.50,404.74,404.31,407.2595,75.57,20.95
2/28/2023,396.26,96438570,-0.37%,36.22,397.91,397.74,403.08,403.20,407.043,76.88,20.70
3/1/2023,394.74,99706820,-0.38%,26.36,397.15,396.86,401.29,401.57,406.456,77.57,20.58
3/2/2023,397.81,85404730,0.78%,28.51,396.58,397.37,399.68,400.66,405.8065,78.05,19.59
3/3/2023,404.19,90119950,1.60%,37.29,398.15,399.12,399.27,400.50,405.177,79.62,18.49
3/6/2023,404.47,72795950,0.07%,45.41,399.49,400.25,398.99,400.21,404.783,80.39,18.61
3/7/2023,398.27,108310600,-1.53%,38.84,399.90,399.09,398.91,398.86,404.205,77.45,19.59
3/8/2023,398.92,74746630,0.16%,33.46,400.73,399.57,398.94,398.91,403.3915,76.56,19.11
3/9/2023,391.56,111945300,-1.84%,32.39,399.48,397.67,398.03,397.60,402.437,75.60,22.61
3/10/2023,385.91,189253000,-1.44%,31.18,395.83,394.96,396.99,395.83,401.378,76.55,24.80
3/13/2023,385.36,157790000,-0.14%,28.24,392.00,392.34,395.75,394.87,400.244,74.68,26.52
3/14/2023,391.73,149752400,1.65%,33.43,390.70,391.91,395.30,395.02,399.189,71.18,23.73
3/15/2023,389.28,172996900,-0.63%,42.79,388.77,390.22,394.75,394.20,398.021,67.38,26.14
3/16/2023,396.11,143753900,1.75%,38.04,389.68,391.22,394.58,395.00,397.1275,68.15,22.99
3/17/2023,389.99,140553400,-1.55%,49.73,390.49,389.78,393.16,393.75,396.213,66.61,25.51
3/20/2023,393.74,93055780,0.96%,42.95,392.17,391.58,392.09,393.27,395.537,67.56,24.15
3/21/2023,398.91,91524250,1.31%,47.80,393.61,394.42,392.15,393.33,395.528,69.40,21.38
3/22/2023,392.11,111746600,-1.70%,53.43,394.17,393.11,391.47,392.14,395.2065,70.71,22.26
3/23/2023,393.17,119351300,0.27%,45.59,393.58,393.84,391.63,391.78,394.832,69.77,22.61
3/24/2023,395.75,107770100,0.66%,40.70,394.74,394.31,392.62,392.38,394.8005,69.22,21.74
3/27/2023,396.49,74010410,0.19%,42.92,395.29,395.32,393.73,393.32,394.7385,72.87,20.60
3/28/2023,395.60,62871680,-0.22%,48.41,394.62,395.39,394.12,394.07,394.7055,73.12,19.97
3/29/2023,401.35,77497880,1.45%,47.05,396.47,396.87,395.32,395.43,395.036,72.95,19.12
3/30/2023,403.70,69840050,0.59%,58.95,398.58,398.88,396.08,396.85,395.3305,74.32,19.02
3/31/2023,409.39,112062600,1.41%,67.30,401.31,402.18,398.02,398.50,395.5905,75.68,18.70
4/3/2023,410.95,67391100,0.38%,71.25,404.20,404.52,399.74,400.37,395.9145,80.40,18.55
4/4/2023,408.67,66601530,-0.55%,68.57,406.81,405.69,400.72,401.37,396.4345,80.70,19.00
4/5/2023,407.60,65200240,-0.26%,68.80,408.06,407.07,402.27,401.97,396.8685,80.69,19.08
4/6/2023,409.19,63743350,0.39%,62.54,409.16,408.44,403.87,403.53,397.75,80.70,18.40
4/10/2023,409.61,63681040,0.10%,73.26,409.20,409.31,405.26,404.91,398.935,79.79,18.97
4/11/2023,409.72,59297950,0.03%,70.91,408.96,409.38,406.58,406.07,400.153,81.54,19.10
4/12/2023,408.05,86420380,-0.41%,66.43,408.83,408.66,407.82,406.85,400.969,83.26,19.09
4/13/2023,413.47,85814750,1.33%,78.71,410.01,410.38,409.04,408.85,402.1785,82.16,17.80
4/14/2023,412.46,78161500,-0.24%,81.60,410.66,410.83,409.91,409.66,402.996,82.58,17.07
4/17/2023,413.94,66436400,0.36%,77.35,411.53,411.75,410.37,410.64,404.1935,80.93,16.95
4/18/2023,414.21,63560000,0.07%,77.88,412.43,412.42,410.69,411.06,405.217,80.85,16.83
4/19/2023,414.14,55227330,-0.02%,80.34,413.64,413.00,411.24,411.32,405.9785,79.18,16.46
4/20/2023,411.88,75840360,-0.55%,75.59,413.33,413.06,411.67,411.36,406.967,77.27,17.17
4/21/2023,412.20,73457420,0.08%,66.43,413.27,412.95,411.97,411.76,407.9185,77.86,16.77
4/24/2023,412.63,64332100,0.10%,57.19,413.01,413.06,412.27,412.09,408.7625,78.64,16.89
4/25/2023,406.08,97766720,-1.59%,54.57,411.39,410.70,411.91,411.14,409.242,77.05,18.76
4/26/2023,404.36,80447050,-0.42%,44.29,409.43,409.04,411.54,410.53,409.68,74.33,18.84
4/27/2023,412.41,92968370,1.99%,43.05,409.54,410.42,411.43,411.70,410.233,74.77,17.03
4/28/2023,415.93,89433140,0.85%,55.41,410.28,411.67,411.78,412.25,410.8445,76.78,15.78
5/1/2023,415.51,62122250,-0.10%,59.61,410.86,412.02,411.94,412.46,411.1505,75.65,16.08
5/2/2023,410.84,103998500,-1.12%,58.72,411.81,410.85,411.60,411.74,411.145,71.71,17.78
5/3/2023,408.02,91531770,-0.69%,53.85,412.54,410.55,410.99,410.95,411.1125,68.62,18.34
5/4/2023,405.13,94901860,-0.71%,41.89,411.09,410.07,410.31,409.92,410.989,68.52,20.09
5/5/2023,412.63,87891790,1.85%,39.67,410.43,411.60,410.35,410.73,411.161,71.32,17.19
5/8/2023,412.74,50046770,0.03%,48.42,409.87,411.20,410.37,410.79,411.3175,73.13,16.98
5/9/2023,410.93,49220120,-0.44%,48.22,409.89,410.22,410.85,410.47,411.378,73.68,17.71
5/10/2023,412.85,96142920,0.47%,46.27,410.86,410.88,411.70,411.21,411.618,72.53,16.94
5/11/2023,412.13,70157060,-0.17%,51.14,412.26,411.28,411.67,411.78,411.551,70.81,16.93
5/12/2023,411.59,70481550,-0.13%,49.92,412.05,412.03,411.24,411.66,411.5075,70.02,17.03
5/15/2023,413.01,54289380,0.35%,48.80,412.10,412.37,410.99,411.56,411.461,71.07,17.12
5/16/2023,410.25,57705500,-0.67%,59.09,411.97,411.48,410.93,410.85,411.263,70.85,17.99
5/17/2023,415.23,87286960,1.21%,57.52,412.44,413.05,411.65,411.71,411.3175,72.78,16.87
5/18/2023,419.23,97177200,0.96%,53.91,413.86,414.70,413.06,413.03,411.685,71.82,16.05
5/19/2023,418.62,103793300,-0.15%,54.51,415.27,415.45,413.66,414.07,412.006,71.57,16.81
5/22/2023,418.79,60745400,0.04%,54.23,416.42,416.44,414.26,414.59,412.314,71.81,17.21
5/23/2023,414.09,86383490,-1.12%,62.33,417.19,415.65,414.58,414.23,412.7145,72.87,18.53
5/24/2023,411.09,89213680,-0.72%,58.89,416.36,415.16,414.40,413.94,413.051,74.37,20.03
5/25/2023,414.65,90961610,0.87%,58.70,415.45,415.79,414.66,414.45,413.163,71.68,19.14
5/26/2023,420.02,93829980,1.30%,53.33,415.73,416.97,415.50,415.63,413.3675,72.35,17.95
5/30/2023,420.18,72215960,0.04%,60.24,416.01,417.21,416.22,416.35,413.601,69.45,17.46
5/31/2023,417.85,110811800,-0.55%,63.64,416.76,416.62,416.98,416.51,413.9515,68.11,17.94
6/1/2023,421.82,88865020,0.95%,57.28,418.90,418.45,417.63,417.86,414.6415,70.09,15.65
6/2/2023,427.92,91426170,1.45%,62.90,421.56,421.91,418.50,419.50,415.781,71.76,14.60
6/5/2023,427.10,65460160,-0.19%,68.93,422.97,423.41,419.35,420.07,416.5045,72.14,14.73
6/6/2023,428.03,64022180,0.22%,66.56,424.54,424.66,420.28,420.93,417.269,71.71,13.96
6/7/2023,426.55,85373280,-0.35%,71.84,426.28,425.21,421.52,421.42,418.05,72.52,13.94
6/8/2023,429.13,61952840,0.60%,65.22,427.75,427.23,423.33,422.90,418.864,71.28,13.65
6/9/2023,429.90,85647270,0.18%,63.83,428.14,428.46,424.85,424.52,419.7525,70.16,13.83
6/12/2023,433.80,76256700,0.91%,65.69,429.48,430.03,426.23,426.48,420.863,67.08,15.01
6/13/2023,436.66,95899700,0.66%,68.92,431.21,431.87,427.88,428.12,422.0455,69.39,14.61
6/14/2023,437.18,100612100,0.12%,79.83,433.33,433.20,429.81,429.57,423.392,68.22,13.88
6/15/2023,442.60,110303100,1.24%,86.90,436.03,436.42,431.89,432.13,424.7605,70.61,14.50
6/16/2023,439.46,114165800,-0.71%,87.56,437.94,437.17,433.04,433.26,425.772,71.81,13.54
6/20/2023,437.18,76160360,-0.52%,77.79,438.62,437.69,434.05,433.79,426.7,70.94,13.88
6/21/2023,434.94,76982250,-0.51%,72.91,438.27,437.39,434.74,434.21,427.5075,72.55,13.20
6/22/2023,436.51,70637180,0.36%,73.09,438.14,437.68,435.74,435.06,428.6285,69.22,12.91
6/23/2023,433.21,92074540,-0.76%,71.22,436.26,436.50,436.14,435.28,429.7345,68.91,13.44
6/26/2023,431.44,72823560,-0.41%,58.31,434.66,434.65,436.30,435.29,430.574,69.09,14.25
6/27/2023,436.17,72813700,1.10%,56.62,434.45,435.16,436.54,436.27,431.3815,67.68,13.74
6/28/2023,436.39,75635980,0.05%,61.13,434.74,435.10,436.51,436.51,432.192,69.54,13.43
6/29/2023,438.11,67882300,0.39%,63.94,435.06,435.87,436.60,436.80,433.205,69.85,13.54
6/30/2023,443.28,104964000,1.18%,63.04,437.08,437.80,436.67,437.82,434.278,70.66,13.59
7/3/2023,443.79,32793380,0.12%,67.22,439.55,439.32,437.10,437.96,435.0715,69.71,13.57
7/5/2023,443.13,58418430,-0.15%,64.09,440.94,440.74,437.70,438.20,435.873,71.78,14.18
7/6/2023,439.66,80658300,-0.78%,59.73,441.59,440.51,438.17,438.05,436.4545,71.76,15.44
7/7/2023,438.55,86134180,-0.25%,53.43,441.68,440.58,438.37,438.24,437.0545,73.91,14.83
7/10/2023,439.66,62443500,0.25%,43.65,440.96,441.01,439.02,438.61,437.581,73.05,15.07
7/11/2023,442.46,64463750,0.64%,50.33,440.69,441.46,440.12,439.64,438.209,74.87,14.84
7/12/2023,446.02,91924530,0.80%,58.69,441.27,442.47,441.11,441.19,438.82,75.77,13.54
7/13/2023,449.56,72425240,0.79%,67.48,443.25,444.03,442.42,442.64,439.465,76.86,13.61
7/14/2023,449.28,69815820,-0.06%,69.38,445.40,445.26,443.54,443.67,440.07,75.44,13.34
7/17/2023,450.84,52680220,0.35%,76.22,447.63,447.21,444.30,444.87,440.482,74.17,13.48
7/18/2023,454.19,80744450,0.74%,81.87,449.98,449.82,445.34,446.09,441.2185,75.76,13.30
7/19/2023,455.20,65891690,0.22%,81.00,451.81,451.72,446.54,447.13,442.1195,75.40,13.76
7/20/2023,452.18,70591640,-0.66%,81.51,452.34,451.94,447.79,447.57,442.9815,75.65,13.99
7/21/2023,452.18,71275620,0.00%,72.58,452.92,452.29,449.16,448.59,443.765,77.06,13.60
7/24/2023,454.20,54023380,0.45%,67.13,453.59,453.35,450.61,450.07,444.8145,78.81,13.91
7/25/2023,455.44,55191240,0.27%,68.93,453.84,454.21,451.91,451.49,446.0145,79.76,13.86
7/26/2023,455.51,71052890,0.02%,71.93,453.90,454.40,452.86,452.56,446.9815,79.11,13.19
7/27/2023,452.49,92194380,-0.66%,82.12,453.96,453.43,453.15,452.79,447.7865,80.17,14.41
7/28/2023,456.92,80011790,0.98%,76.22,454.91,454.95,453.92,453.84,448.727,80.55,13.33
7/31/2023,457.79,62040450,0.19%,78.86,455.63,455.87,454.61,454.62,449.4525,81.80,13.63
8/1/2023,456.48,55502200,-0.29%,77.40,455.84,455.91,454.84,454.95,450.087,81.37,13.93
8/2/2023,450.13,93933370,-1.39%,70.33,454.76,453.94,454.33,453.98,450.437,79.50,16.09
8/3/2023,448.84,64419690,-0.29%,51.00,454.03,452.79,454.00,453.33,450.896,81.56,15.92
8/4/2023,446.81,100128900,-0.45%,49.26,452.01,451.62,453.46,452.69,451.309,82.76,17.10
8/7/2023,450.71,58357460,0.87%,43.29,450.59,451.58,453.11,452.96,451.8615,81.94,15.77
8/8/2023,448.75,71361320,-0.43%,44.31,449.05,449.98,452.44,452.32,452.176,82.94,15.99
8/9/2023,445.75,78789580,-0.67%,39.77,448.17,447.95,451.47,451.23,452.1625,84.35,15.96
8/10/2023,445.91,93005500,0.04%,39.79,447.59,447.42,450.81,450.46,451.98,82.81,15.85
8/11/2023,445.65,68690900,-0.06%,40.09,447.35,446.94,449.68,449.87,451.7985,83.17,14.84
8/14/2023,448.11,47867440,0.55%,35.70,446.83,447.61,448.71,449.40,451.662,82.50,14.82
8/15/2023,442.89,75707530,-1.16%,38.22,445.66,445.52,447.36,447.66,451.097,81.06,16.46
8/16/2023,439.64,80107210,-0.73%,32.60,444.44,443.65,446.31,445.95,450.319,79.40,16.78
8/17/2023,436.29,95711320,-0.76%,32.39,442.52,441.72,445.05,444.49,449.5245,80.43,17.89
8/18/2023,436.50,98851960,0.05%,20.87,440.69,440.51,444.02,443.50,448.7405,81.25,17.30
8/21/2023,439.34,68718960,0.65%,19.37,438.93,440.24,442.88,443.17,447.9975,80.71,17.13
8/22/2023,438.15,65062860,-0.27%,26.38,437.98,438.67,441.82,442.02,447.133,80.25,16.97
8/23/2023,443.03,68441020,1.11%,30.75,438.66,439.67,441.55,442.04,446.509,78.91,15.98
8/24/2023,436.89,88517270,-1.39%,41.63,438.78,438.07,440.65,440.70,445.729,79.52,17.20
8/25/2023,439.97,102325100,0.70%,37.22,439.48,439.18,440.08,440.53,444.8815,80.47,15.68
8/28/2023,442.76,61595390,0.63%,35.87,440.16,440.57,439.55,440.57,444.13,80.65,15.08
8/29/2023,449.16,83081920,1.45%,42.29,442.36,443.16,440.17,441.29,443.764,81.14,14.45
8/30/2023,451.01,69053910,0.41%,54.04,443.96,445.24,441.31,442.14,443.808,81.64,13.88
8/31/2023,450.35,66084560,-0.15%,55.81,446.65,446.09,442.72,442.95,443.8835,83.55,13.57
9/1/2023,451.19,58944100,0.19%,55.30,448.89,448.16,444.19,444.26,444.1025,85.52,13.09
9/5/2023,449.24,55166210,-0.43%,53.61,450.19,449.01,445.18,445.10,444.029,86.74,14.01
9/6/2023,446.22,70758510,-0.67%,58.05,449.60,448.87,445.98,445.36,443.9025,87.55,14.45
9/7/2023,444.85,70355430,-0.31%,58.39,448.37,448.02,446.16,445.78,443.8575,86.87,14.40
9/8/2023,445.52,62068440,0.15%,61.50,447.40,447.42,447.03,446.05,443.838,87.51,13.84
9/11/2023,448.45,60180120,0.66%,61.97,446.86,447.75,447.88,447.29,443.978,87.30,13.80
9/12/2023,445.99,67565420,-0.55%,62.06,446.21,446.57,448.20,447.53,443.872,88.87,14.23
9/13/2023,446.51,60199270,0.12%,60.04,446.26,446.31,447.93,447.89,444.053,88.59,13.48
9/14/2023,450.36,83430810,0.86%,55.02,447.37,447.63,447.87,448.37,444.589,90.13,12.82
9/15/2023,443.37,111848900,-1.55%,70.79,446.94,446.03,447.17,447.05,444.943,90.83,13.79
9/18/2023,443.63,55752210,0.06%,54.68,445.97,445.83,446.41,446.53,445.2995,91.47,14.00
9/19/2023,442.71,66514650,-0.21%,51.29,445.32,444.88,445.76,445.74,445.468,91.16,14.11
9/20/2023,438.64,82562600,-0.92%,38.60,443.74,443.09,445.00,444.47,445.4925,89.20,15.14
9/21/2023,431.39,104095800,-1.65%,29.73,439.95,439.62,443.66,442.53,444.9105,89.56,17.54
9/22/2023,430.42,100829700,-0.22%,24.45,437.36,436.77,442.15,441.25,444.587,90.00,17.20
9/25/2023,432.23,70874530,0.42%,22.11,435.08,435.65,440.53,440.34,444.2,89.68,16.90
9/26/2023,425.88,96168440,-1.47%,27.07,431.71,432.01,438.51,437.86,443.356,91.43,18.94
9/27/2023,426.05,104705800,0.04%,24.84,429.19,429.82,436.47,436.25,442.2005,93.67,18.22
9/28/2023,428.52,92258310,0.58%,26.03,428.62,428.97,434.28,435.02,441.076,91.65,17.34
9/29/2023,427.48,115111300,-0.24%,29.28,428.03,428.24,432.70,433.05,439.9325,90.77,17.52
10/2/2023,427.31,83798600,-0.04%,23.20,427.05,427.79,431.06,431.72,438.7385,88.81,17.61
10/3/2023,421.59,103760600,-1.34%,24.65,426.19,425.23,428.95,429.34,437.356,89.26,19.78
10/4/2023,424.66,87452970,0.73%,20.36,425.91,425.68,427.55,428.17,436.278,84.32,18.58
10/5/2023,424.50,70142740,-0.04%,18.86,425.11,425.44,426.86,427.00,435.2605,82.30,18.49
10/6/2023,429.54,113273300,1.19%,22.60,425.52,426.59,426.78,427.35,434.4615,82.83,17.45
10/9/2023,432.29,80374360,0.64%,32.03,426.52,427.78,426.78,427.78,433.6535,,17.70
10/10/2023,434.54,78607270,0.52%,37.31,429.11,429.19,427.65,428.19,433.081,85.89,17.03
10/11/2023,436.32,62451740,0.41%,44.77,431.44,431.51,428.68,429.22,432.5715,83.70,16.09
10/12/2023,433.66,81154230,-0.61%,57.30,433.27,432.18,429.19,429.58,431.7365,82.87,16.69
10/13/2023,431.50,95201130,-0.50%,54.57,433.66,432.68,429.59,429.61,431.143,87.67,19.32
10/16/2023,436.04,75433190,1.05%,48.98,434.41,434.45,430.46,430.76,430.7635,86.65,17.21
10/17/2023,436.02,75324710,0.00%,64.95,434.71,434.95,431.91,431.47,430.429,86.66,17.88
10/18/2023,430.21,93559800,-1.33%,64.74,433.49,433.21,432.46,431.60,430.0075,88.35,19.22
10/19/2023,426.43,121323000,-0.88%,52.27,432.04,431.13,432.66,431.37,429.7595,89.35,21.40
10/20/2023,421.19,123919900,-1.23%,48.68,429.98,428.42,431.82,430.57,429.298,89.12,21.71
10/23/2023,420.46,92035100,-0.17%,43.20,426.86,426.81,430.64,429.75,428.7095,85.49,20.37
10/24/2023,423.63,78564240,0.75%,48.59,424.38,425.78,429.55,429.36,428.597,84.58,18.97
10/25/2023,417.55,94223200,-1.44%,48.72,421.85,422.11,427.67,427.37,428.172,86.07,20.19
10/26/2023,412.55,115156800,-1.20%,42.45,419.08,418.75,425.56,424.92,427.3735,83.80,20.68
10/27/2023,410.68,107367700,-0.45%,31.52,416.97,416.28,423.48,422.85,426.5335,86.04,21.27
10/30/2023,415.59,86562680,1.20%,26.04,416.00,416.51,421.43,422.04,425.9475,83.03,19.75
10/31/2023,418.20,79665150,0.63%,30.16,414.91,416.73,419.65,420.84,425.778,81.64,18.14
11/1/2023,422.66,98068120,1.07%,31.35,415.94,417.50,418.89,420.20,425.678,81.05,16.87
11/2/2023,430.76,94938910,1.92%,39.08,419.58,420.88,419.33,421.05,425.991,83.04,15.66
11/3/2023,434.69,100167800,0.91%,49.34,424.38,424.62,420.68,422.12,426.2485,81.19,14.91
11/6/2023,435.69,67831660,0.23%,48.79,428.40,428.15,422.20,423.41,426.4185,81.54,14.89
11/7/2023,436.93,64256110,0.28%,49.71,432.15,431.24,423.53,424.88,426.538,77.96,14.81
11/8/2023,437.25,61746030,0.07%,56.45,435.06,433.85,425.50,426.02,426.5845,75.85,14.45
11/9/2023,433.84,83174420,-0.78%,61.12,435.68,434.66,427.63,427.02,426.5935,76.34,15.29
11/10/2023,440.61,89558050,1.56%,63.51,436.86,437.32,430.62,429.99,427.049,,14.17
11/13/2023,440.19,52236070,-0.10%,69.06,437.76,437.97,433.08,432.36,427.2565,78.86,14.76
11/14/2023,448.73,97176940,1.94%,66.52,440.12,441.42,436.14,435.93,427.892,78.90,14.16
11/15/2023,449.68,77327570,0.21%,79.65,442.61,443.31,438.84,438.60,428.8655,77.15,14.18
11/16/2023,450.23,66665800,0.12%,88.25,445.89,445.15,440.78,440.91,430.0555,73.50,14.32
11/17/2023,450.79,83193900,0.12%,91.89,447.92,447.52,442.39,442.60,431.5355,76.47,13.80
11/20/2023,454.26,70055630,0.77%,91.06,450.74,450.04,444.25,444.55,433.2255,78.10,13.41
11/21/2023,453.27,49244640,-0.22%,91.24,451.65,451.58,445.89,445.89,434.7075,78.35,13.35
11/22/2023,455.02,59446570,0.39%,88.02,452.71,452.77,447.66,447.55,436.581,76.80,12.85
11/24/2023,455.30,29737380,0.06%,85.78,453.73,453.58,449.81,449.05,438.7185,74.83,12.46
11/27/2023,454.48,50505990,-0.18%,84.07,454.47,453.98,451.20,450.66,440.9085,74.46,12.69
11/28/2023,454.93,62115010,0.10%,81.24,454.60,454.62,452.67,451.87,442.8755,76.09,12.69
11/29/2023,454.61,63145990,-0.07%,80.74,454.87,454.60,453.26,453.02,444.696,77.56,12.98
11/30/2023,456.40,79752700,0.39%,79.64,455.14,455.38,453.93,453.83,446.383,75.66,12.92
12/1/2023,459.10,89183400,0.59%,90.78,455.90,456.46,454.82,454.87,447.8,73.70,12.63
12/4/2023,456.69,72430890,-0.52%,89.19,456.35,456.17,455.41,455.16,448.9,72.73,13.08
12/5/2023,456.60,69793470,-0.02%,82.25,456.68,456.43,455.64,455.62,449.9455,71.95,12.85
12/6/2023,454.76,69124690,-0.40%,72.97,456.71,456.04,455.79,455.48,450.837,68.98,12.97
12/7/2023,458.23,66995450,0.76%,64.10,457.08,457.22,456.11,456.23,451.886,69.00,13.06
12/8/2023,460.20,83194400,0.43%,69.10,457.30,458.12,456.60,456.85,453.204,70.87,12.35
12/11/2023,461.99,65002250,0.39%,71.05,458.36,458.86,457.35,457.58,454.273,70.95,12.63
12/12/2023,464.10,68327620,0.46%,68.70,459.86,460.27,458.27,458.58,455.4685,68.27,12.07
12/13/2023,470.50,93277960,1.38%,74.85,463.00,463.40,459.86,460.49,456.557,69.09,12.19
12/14/2023,472.01,119026000,0.32%,79.27,465.76,466.01,461.42,462.07,457.6735,71.21,12.48
12/15/2023,469.33,141553700,-0.57%,80.20,467.59,466.95,462.44,462.86,458.6285,71.05,12.28
12/18/2023,471.97,70375290,0.56%,75.14,469.58,469.05,463.97,464.17,459.6875,72.16,12.56
12/19/2023,474.84,55761810,0.61%,76.86,471.73,471.33,465.79,465.95,460.7165,73.23,12.53
12/20/2023,468.26,102921000,-1.39%,79.52,471.28,470.57,467.14,466.24,461.466,73.87,13.67
12/21/2023,472.70,86667470,0.95%,65.18,471.42,471.75,468.59,468.15,462.35,73.59,13.65
12/22/2023,473.65,67160420,0.20%,66.67,472.28,472.16,469.94,469.51,463.2675,73.29,13.03
12/26/2023,475.65,55386950,0.42%,71.56,473.02,473.41,471.30,470.97,464.326,75.84,12.99
12/27/2023,476.51,68000310,0.18%,73.09,473.35,474.18,472.54,472.25,465.405,74.31,12.43
12/28/2023,476.69,77158120,0.04%,77.01,475.04,474.47,473.16,473.30,466.509,72.02,12.47
12/29/2023,475.31,122283100,-0.29%,74.96,475.56,475.13,473.49,473.55,467.4545,71.89,12.45
1/2/2024,472.65,123007800,-0.56%,70.76,475.36,474.59,473.82,473.34,468.132,70.62,13.20
1/3/2024,468.79,103585900,-0.82%,64.30,473.99,473.17,473.51,472.91,468.737,72.97,14.04
1/4/2024,467.28,84232170,-0.32%,56.01,472.14,471.75,472.75,472.37,469.271,72.38,14.13
1/5/2024,467.92,86118910,0.14%,45.28,470.39,470.74,472.72,471.87,469.929,74.00,13.35
1/8/2024,474.60,74879070,1.43%,43.85,470.25,471.79,472.91,473.06,470.7475,71.06,13.08
1/9/2024,473.88,65931440,-0.15%,57.07,470.49,471.46,472.93,473.08,471.4315,72.43,12.76
1/10/2024,476.56,67310640,0.57%,52.70,472.05,472.52,473.02,473.59,472.16,71.57,12.69
1/11/2024,476.35,77940720,-0.04%,52.45,473.86,473.48,473.00,473.62,472.7725,72.15,12.44
1/12/2024,476.68,58026420,0.07%,64.06,475.61,474.80,473.00,473.67,473.0815,72.94,12.70
1/16/2024,474.93,85014870,-0.37%,58.07,475.68,475.39,472.96,473.35,473.2275,72.63,13.84
1/17/2024,472.29,68843870,-0.56%,52.51,475.36,474.55,472.93,472.84,473.3755,72.79,14.79
1/18/2024,476.49,91856250,0.89%,43.56,475.35,475.74,473.70,473.58,473.6015,74.32,14.13
1/19/2024,482.43,110834500,1.25%,49.97,476.56,477.71,475.21,475.29,473.981,73.69,13.30
1/22/2024,483.45,75844930,0.21%,58.15,477.92,478.86,476.77,476.71,474.7405,75.26,13.19
1/23/2024,484.86,49945300,0.29%,61.68,479.90,480.23,477.79,478.24,475.3485,74.72,12.55
1/24/2024,485.39,81765040,0.11%,68.18,482.52,481.73,478.94,479.17,475.9355,75.48,13.14
1/25/2024,488.03,72524990,0.54%,77.43,484.83,484.36,480.09,480.60,476.5545,77.91,13.45
1/26/2024,487.41,76641610,-0.13%,83.05,485.83,485.69,481.20,481.42,477.0995,78.45,13.26
1/29/2024,491.27,61322750,0.79%,81.06,487.39,487.64,482.66,483.03,477.8285,77.25,13.60
1/30/2024,490.89,58618390,-0.08%,79.19,488.60,488.56,484.25,484.15,478.6075,78.30,13.31
1/31/2024,482.88,126011100,-1.63%,80.15,488.10,486.69,485.31,484.00,479.119,76.28,14.35
2/1/2024,489.20,91891640,1.31%,59.42,488.33,488.46,486.58,486.02,480.1395,74.36,13.88
2/2/2024,494.35,99228190,1.05%,66.20,489.72,490.34,487.77,487.99,481.493,72.72,13.85
2/5/2024,492.55,75757100,-0.36%,69.87,489.97,490.66,488.68,488.64,482.7245,73.21,13.67
2/6/2024,493.98,55918600,0.29%,69.79,490.59,491.31,489.60,489.65,483.6935,73.83,13.06
2/7/2024,498.10,70556510,0.83%,75.04,493.64,493.09,490.87,491.14,484.9045,74.26,12.83
2/8/2024,498.32,52343640,0.04%,74.99,495.46,495.20,491.90,492.22,485.9925,76.67,12.79
2/9/2024,501.20,63979380,0.58%,71.18,496.83,497.37,493.27,493.59,487.235,77.26,12.93
2/12/2024,500.98,56502280,-0.04%,72.54,498.52,498.21,494.25,494.67,488.45,77.34,13.93
2/13/2024,494.08,113099200,-1.38%,71.11,498.54,497.04,494.56,494.22,489.4075,78.28,15.85
2/14/2024,498.57,68387830,0.91%,59.75,498.63,498.55,496.13,495.29,490.7215,77.09,14.38
2/15/2024,502.01,61682960,0.69%,61.36,499.37,499.76,497.41,497.20,491.9975,78.47,14.01
2/16/2024,499.51,75532930,-0.50%,64.83,499.03,499.42,497.93,497.80,492.8515,79.65,14.24
2/20/2024,496.76,71736740,-0.55%,58.61,498.19,498.27,498.35,497.72,493.517,78.72,15.42
2/21/2024,497.21,59603770,0.09%,55.84,498.81,497.86,498.67,498.14,494.1345,78.89,15.34
2/22/2024,507.50,76402540,2.07%,66.79,500.60,501.71,499.61,500.28,495.24,79.64,14.54
2/23/2024,507.85,61321820,0.07%,69.62,501.77,503.02,500.57,501.11,496.231,77.60,13.75
2/26/2024,505.99,50386740,-0.37%,66.13,503.06,503.17,501.05,501.55,497.16,78.53,13.74
2/27/2024,506.93,48854530,0.19%,66.04,505.10,504.35,501.64,502.12,497.943,79.80,13.43
2/28/2024,506.26,56506630,-0.13%,65.64,506.91,505.48,502.86,502.48,498.7115,79.44,13.84
2/29/2024,508.08,83924800,0.36%,60.75,507.02,507.30,503.81,503.81,499.9715,79.22,13.40
3/1/2024,512.85,76844840,0.94%,62.34,508.02,508.96,504.89,505.45,501.154,80.90,13.11
3/4/2024,512.30,49799260,-0.11%,64.05,509.28,509.45,506.17,506.24,502.0515,79.67,13.49
3/5/2024,507.18,72855620,-1.00%,63.55,509.33,508.58,507.22,506.36,502.783,79.11,14.46
3/6/2024,509.75,68382370,0.51%,66.38,510.03,509.47,508.47,507.68,503.5715,80.08,14.50
3/7/2024,514.81,58652090,0.99%,64.68,511.38,511.62,509.20,509.62,504.407,79.81,14.44
3/8/2024,511.72,86532540,-0.60%,66.12,511.15,511.49,509.59,509.66,505.077,78.96,14.74
3/11/2024,511.28,62557180,-0.09%,65.15,510.95,511.19,510.12,509.89,505.581,78.87,15.22
3/12/2024,516.78,73114440,1.08%,69.12,512.87,512.89,511.10,511.33,506.371,78.51,13.84
3/13/2024,515.97,55104090,-0.16%,72.74,514.11,513.90,512.07,511.99,507.4655,80.67,13.75
3/14/2024,514.95,110171800,-0.20%,62.62,514.14,514.39,512.76,512.60,508.2845,82.16,14.40
3/15/2024,509.83,107646300,-0.99%,60.37,513.76,512.70,512.46,512.23,508.6755,81.94,14.41
3/18/2024,512.86,88893330,0.59%,55.12,514.08,513.46,512.51,512.53,509.343,83.68,14.33
3/19/2024,515.71,60755260,0.56%,57.49,513.86,514.62,513.37,513.09,510.2905,84.39,13.82
3/20/2024,520.48,69594570,0.92%,61.32,514.77,516.07,514.44,514.66,511.454,82.79,13.04
3/21/2024,522.20,60256110,0.33%,63.87,516.22,517.24,515.18,515.85,512.189,81.99,12.92
3/22/2024,521.21,79070840,-0.19%,61.22,518.49,517.88,516.13,516.27,512.857,81.10,13.06
3/25/2024,519.77,48512110,-0.28%,60.58,519.87,518.92,516.98,516.79,513.546,82.41,13.19
3/26/2024,518.81,65463740,-0.18%,66.39,520.49,519.52,517.18,517.31,514.14,82.41,13.24
3/27/2024,523.17,82999780,0.84%,62.31,521.03,521.39,517.90,518.27,514.9855,82.15,12.78
3/28/2024,523.07,96294890,-0.02%,61.58,521.21,521.71,518.71,518.84,515.735,83.96,13.01
4/1/2024,522.16,62477540,-0.17%,67.14,521.40,521.52,519.94,519.34,516.2005,84.54,13.65
4/2/2024,518.84,74230310,-0.64%,66.20,521.21,520.54,520.54,519.74,516.5275,85.95,14.61
4/3/2024,519.41,59155760,0.11%,53.28,521.33,520.61,520.91,520.34,517.139,86.22,14.33
4/4/2024,513.07,96858070,-1.22%,55.52,519.31,518.58,520.17,519.49,517.305,87.37,16.35
4/5/2024,518.43,74546480,1.04%,47.42,518.38,519.02,519.79,519.85,517.486,87.69,16.03
4/8/2024,518.72,48401750,0.06%,61.71,517.69,518.49,519.55,519.60,517.836,87.24,15.19
4/9/2024,519.32,68124390,0.12%,58.62,517.79,518.24,519.50,519.50,518.238,86.04,14.98
4/10/2024,514.12,82652810,-1.00%,55.69,516.73,516.57,519.03,518.52,518.105,86.98,15.80
4/11/2024,518.00,70099010,0.75%,40.11,517.72,517.15,518.51,518.84,518.2065,85.79,14.91
4/12/2024,510.85,92561090,-1.38%,43.88,516.20,515.43,517.29,517.12,518.0015,86.46,17.31
4/15/2024,504.45,92101450,-1.25%,37.20,513.35,512.28,515.52,514.96,517.7325,86.21,19.23
4/16/2024,503.53,73484020,-0.18%,33.14,510.19,510.08,513.99,513.34,517.266,86.15,18.40
4/17/2024,500.55,75910310,-0.59%,33.17,507.48,506.98,512.10,511.55,516.508,83.58,18.21
4/18/2024,499.52,74548090,-0.21%,24.31,503.78,504.82,510.75,509.82,515.46,83.50,18.00
4/19/2024,495.16,102212600,-0.87%,23.80,500.64,500.91,508.42,507.91,514.108,83.79,18.71
4/22/2024,499.72,67961050,0.92%,22.11,499.70,500.33,506.52,506.84,513.0335,83.82,16.94
4/23/2024,505.65,64633620,1.19%,30.74,500.12,501.68,505.16,506.36,512.3275,84.17,15.69
4/24/2024,505.41,55928080,-0.05%,37.49,501.09,501.88,504.28,505.20,511.6575,84.09,15.97
4/25/2024,503.49,69122370,-0.38%,42.17,501.89,501.89,502.83,504.14,510.6735,84.92,15.37
4/26/2024,508.26,64306120,0.95%,33.57,504.51,504.01,502.57,503.82,509.933,85.38,15.03
4/29/2024,510.06,46415450,0.35%,39.53,506.57,506.36,503.14,503.93,509.328,84.26,14.67
4/30/2024,501.98,77483570,-1.58%,40.95,505.84,505.04,502.98,502.93,508.485,83.49,15.65
5/1/2024,500.35,80242840,-0.32%,38.76,504.83,504.01,502.96,502.50,507.532,80.70,15.39
5/2/2024,505.03,62550180,0.94%,32.95,505.14,504.90,503.51,503.34,507.13,80.59,14.68
5/3/2024,511.29,72756710,1.24%,44.10,505.74,507.19,505.12,504.93,506.773,79.65,13.49
5/6/2024,516.57,47264700,1.03%,56.96,507.04,509.35,506.81,507.20,506.6655,80.10,13.49
5/7/2024,517.14,52561300,0.11%,62.18,510.08,510.41,507.96,508.69,506.5565,79.97,13.23
5/8/2024,517.19,42047210,0.01%,66.23,513.44,512.45,509.14,509.64,506.71,80.57,13.00
5/9/2024,520.17,43643670,0.58%,67.62,516.47,515.69,510.80,511.14,506.8185,80.86,12.69
5/10/2024,520.84,52233170,0.13%,75.65,518.38,517.93,512.06,512.63,507.318,79.81,12.55
5/13/2024,520.91,36716360,0.01%,73.54,519.25,519.22,513.15,513.67,508.141,80.71,13.60
5/14/2024,523.30,57535870,0.46%,69.56,520.48,520.60,515.28,514.99,509.1295,79.62,13.42
5/15/2024,529.78,59504900,1.24%,71.74,523.00,523.58,518.22,517.92,510.591,80.23,12.45
5/16/2024,528.69,50244830,-0.21%,78.76,524.70,524.90,520.59,520.13,512.0495,80.85,12.42
5/17/2024,529.45,59187590,0.14%,74.30,526.43,526.29,522.40,522.20,513.764,81.66,11.99
5/20/2024,530.06,37764210,0.12%,73.65,528.26,527.64,523.75,523.80,515.281,81.39,12.15
5/21/2024,531.36,33437000,0.25%,91.89,529.87,529.29,525.18,525.14,516.5665,80.66,11.86
5/22/2024,529.83,48389970,-0.29%,96.72,529.88,529.86,526.44,526.02,517.7875,79.15,12.29
5/23/2024,525.96,57211200,-0.73%,91.28,529.33,528.57,527.02,526.35,518.911,77.47,12.77
5/24/2024,529.44,41291080,0.66%,76.53,529.33,529.37,527.88,527.46,519.97,78.48,11.93
5/28/2024,529.81,36269600,0.07%,74.89,529.28,529.49,528.77,528.23,520.9575,80.90,12.92
5/29/2024,526.10,45190320,-0.70%,74.70,528.23,528.22,529.05,528.28,522.1635,80.24,14.28
5/30/2024,522.61,46468510,-0.66%,65.20,526.78,526.36,528.33,527.88,523.2765,78.96,14.47
5/31/2024,527.37,90785760,0.91%,54.09,527.07,526.98,528.20,528.16,524.3935,77.97,12.92
6/3/2024,527.80,46835700,0.08%,59.63,526.74,527.31,528.03,528.13,525.219,75.26,13.11
6/4/2024,528.39,34632660,0.11%,60.05,526.45,527.29,527.87,528.10,525.81,74.27,13.16
6/5/2024,534.67,47610370,1.19%,57.84,528.17,529.19,528.20,529.10,526.6865,75.08,12.63
6/6/2024,534.66,30808530,0.00%,57.58,530.58,530.33,528.68,529.37,527.56,76.52,12.58
6/7/2024,534.01,43224530,-0.12%,59.57,531.91,531.72,529.49,529.65,528.252,76.53,12.22
6/10/2024,535.66,35729250,0.31%,57.34,533.48,533.16,530.11,530.61,528.993,78.75,12.74
6/11/2024,536.95,36383410,0.24%,58.72,535.19,534.64,530.82,531.35,529.795,78.88,12.85
6/12/2024,541.36,63251310,0.82%,58.70,536.53,537.25,532.35,532.74,530.698,79.56,12.04
6/13/2024,542.45,44760950,0.20%,66.48,538.09,538.50,534.33,534.18,531.3315,79.61,11.94
6/14/2024,542.78,40089900,0.06%,75.60,539.84,539.65,535.87,535.87,532.036,79.41,12.66
6/17/2024,547.10,55839460,0.80%,72.95,542.13,542.26,537.80,537.91,532.9185,81.33,12.75
6/18/2024,548.49,41376420,0.25%,76.19,544.44,544.25,539.81,539.75,533.84,82.67,12.30
6/20/2024,547.00,70328230,-0.27%,86.48,545.56,545.29,541.05,541.12,534.622,83.34,13.28
6/21/2024,544.51,64513860,-0.46%,92.51,545.98,545.21,542.03,541.68,535.356,81.71,13.20
6/24/2024,542.74,45528650,-0.33%,82.44,545.97,544.90,542.90,542.16,536.195,82.63,13.33
6/25/2024,544.83,38273350,0.39%,76.91,545.51,545.59,543.82,543.25,536.9645,81.97,12.84
6/26/2024,545.51,38550640,0.12%,78.09,544.92,545.51,544.68,544.13,537.7495,82.19,12.55
6/27/2024,546.37,35041480,0.16%,72.91,544.79,545.40,545.18,544.98,538.763,83.04,12.24
6/28/2024,544.22,76144540,-0.39%,73.89,544.73,544.60,545.36,545.00,539.8435,82.83,12.44
7/1/2024,545.34,40297810,0.21%,69.63,545.25,544.94,545.61,545.35,540.742,84.70,12.22
7/2/2024,549.01,40434790,0.67%,69.00,546.09,546.51,545.80,546.23,541.8025,84.09,12.03
7/3/2024,551.46,32789910,0.45%,71.64,547.28,547.88,546.10,546.83,542.956,85.19,12.09
7/5/2024,554.64,41488390,0.58%,69.50,548.93,549.73,546.86,547.65,543.9545,84.44,12.48
7/8/2024,555.28,36110450,0.12%,71.78,551.15,551.05,547.94,548.39,544.9855,83.63,12.37
7/9/2024,555.82,27314130,0.10%,72.08,553.24,552.70,549.25,549.37,546.076,82.78,12.51
7/10/2024,561.32,38701220,0.99%,67.78,555.70,555.93,550.90,551.44,547.359,83.39,12.85
7/11/2024,556.48,53054180,-0.86%,72.41,556.71,555.96,551.99,551.91,548.3355,83.92,12.92
7/12/2024,559.99,53084410,0.63%,64.82,557.78,557.80,553.36,553.45,549.267,83.49,12.46
7/15/2024,561.53,40584290,0.28%,73.45,559.03,559.03,555.09,554.84,550.221,83.22,13.12
7/16/2024,564.86,36475260,0.59%,78.67,560.84,560.97,557.04,556.86,551.325,81.92,13.19
7/17/2024,556.94,57118960,-1.40%,79.45,559.96,559.54,557.83,557.02,551.817,84.16,14.48
7/18/2024,552.66,56270390,-0.77%,63.85,559.20,557.53,557.95,556.89,552.0255,84.17,15.93
7/19/2024,548.99,65509080,-0.66%,57.04,557.00,555.79,557.39,556.32,552.125,81.43,16.52
7/22/2024,554.65,43346720,1.03%,55.16,555.62,556.21,557.32,556.89,552.632,81.25,14.91
7/23/2024,553.78,34439560,-0.16%,59.18,553.40,555.01,557.12,556.68,553.184,78.24,14.72
7/24/2024,541.23,74515270,-2.27%,54.98,550.26,549.35,555.11,554.23,553.004,78.78,18.04
7/25/2024,538.41,61158290,-0.52%,41.19,547.41,546.31,553.30,552.07,552.649,79.43,18.46
7/26/2024,544.44,53763790,1.12%,35.93,546.50,546.42,551.75,551.69,552.5525,78.58,16.39
7/29/2024,544.76,39515820,0.06%,41.41,544.52,545.92,550.07,550.48,552.5795,77.27,16.60
7/30/2024,542.00,46853630,-0.51%,41.20,542.17,543.68,547.79,548.60,552.4125,76.17,17.69
7/31/2024,550.81,65663390,1.63%,33.93,544.08,545.05,547.17,548.34,552.5025,79.36,16.36
8/1/2024,543.01,76428730,-1.42%,45.58,545.00,543.73,546.21,546.42,552.08,77.74,18.59
8/2/2024,532.90,82789070,-1.86%,37.58,542.70,540.97,544.60,543.79,550.993,74.99,23.39
8/5/2024,517.38,146267400,-2.91%,31.39,537.22,534.26,540.87,539.65,549.098,74.46,38.57
8/6/2024,522.15,84826310,0.92%,23.36,533.25,532.20,537.71,537.47,547.4145,74.60,27.71
8/7/2024,518.66,70698340,-0.67%,29.77,526.82,528.39,535.45,534.25,545.2815,76.68,27.85
8/8/2024,530.65,63276590,2.31%,30.04,524.35,528.10,534.68,534.58,543.99,77.64,23.79
8/9/2024,532.99,45619560,0.44%,40.19,524.37,527.23,533.53,534.37,542.64,78.28,20.37
8/12/2024,533.27,42542070,0.05%,37.99,527.54,527.33,532.38,533.48,541.227,81.45,20.71
8/13/2024,542.04,52333070,1.64%,38.55,531.52,532.38,532.39,534.14,540.086,79.81,18.12
8/14/2024,543.75,42446930,0.32%,50.47,536.54,535.60,531.68,534.45,539.4265,78.47,16.19
8/15/2024,553.07,60846810,1.71%,53.15,541.02,542.05,532.69,535.57,539.447,79.66,15.23
8/16/2024,554.31,44430730,0.22%,54.90,545.29,545.45,534.83,536.62,539.713,78.05,14.80
8/19/2024,559.61,39121790,0.96%,55.37,550.56,550.06,539.05,539.33,539.961,75.82,14.65
8/20/2024,558.70,33732260,-0.16%,59.63,553.89,553.27,542.71,542.62,540.207,75.27,15.88
8/21/2024,560.62,41514600,0.34%,54.72,557.26,556.13,546.90,545.96,541.1765,72.76,16.27
8/22/2024,556.22,56121460,-0.78%,61.34,557.89,556.91,549.46,548.60,542.067,73.72,17.55
8/23/2024,562.13,50639390,1.06%,66.20,559.46,559.30,552.37,551.76,542.9515,75.82,15.86
8/26/2024,560.79,35788610,-0.24%,85.89,559.69,559.90,555.12,553.90,543.753,78.40,16.15
8/27/2024,561.56,32693900,0.14%,82.79,560.26,560.31,557.08,556.29,544.731,76.50,15.43
8/28/2024,558.30,41066020,-0.58%,88.17,559.80,559.61,558.53,557.30,545.1055,75.49,17.11
8/29/2024,558.35,38715180,0.01%,79.12,560.23,559.32,559.06,558.50,545.8725,76.90,15.65
8/30/2024,563.68,62700110,0.95%,78.07,560.54,561.38,560.00,559.90,547.4115,74.52,15.00
9/3/2024,552.08,60600110,-2.06%,80.27,558.79,557.72,559.24,558.56,549.1465,71.28,20.72
9/4/2024,550.95,47224940,-0.20%,59.46,556.67,556.18,558.47,557.74,550.5865,70.11,21.32
9/5/2024,549.61,44264260,-0.24%,56.86,554.93,554.32,557.37,556.86,552.134,70.09,19.90
9/6/2024,540.36,68493810,-1.68%,46.11,551.34,550.08,555.78,554.28,552.6195,68.58,22.38
9/9/2024,546.41,40445820,1.12%,36.72,547.88,549.69,554.21,554.08,553.2905,69.65,19.45
9/10/2024,548.79,36394580,0.44%,37.61,547.22,548.18,553.01,553.22,554.0665,66.73,19.08
9/11/2024,554.42,75248610,1.03%,40.95,547.92,549.62,552.30,553.27,554.6855,68.25,17.69
9/12/2024,559.09,51892740,0.84%,44.70,549.81,551.64,552.37,553.53,555.4525,69.89,17.07
9/13/2024,562.01,39310500,0.52%,52.44,554.14,553.88,552.74,554.13,555.8995,69.59,16.56
9/16/2024,562.84,36656120,0.15%,49.89,557.43,557.04,552.66,554.58,556.326,71.10,17.14
9/17/2024,563.07,49320970,0.04%,51.86,560.29,559.31,553.76,554.55,556.499,72.16,17.61
9/18/2024,561.40,59044940,-0.30%,51.38,561.68,560.66,554.80,555.14,556.634,71.87,18.23
9/19/2024,570.98,75315470,1.71%,52.92,564.06,564.78,556.94,557.74,557.152,72.86,16.33
9/20/2024,568.25,77503110,-0.48%,60.09,565.31,565.46,559.73,558.99,557.7535,72.72,16.15
9/23/2024,569.67,44116920,0.25%,53.81,566.67,566.76,562.05,561.53,558.1305,71.33,15.89
9/24/2024,571.30,46805670,0.29%,67.65,568.32,568.22,564.30,563.73,558.656,72.34,15.39
9/25/2024,570.04,38428590,-0.22%,70.22,570.05,568.89,565.87,565.35,559.08,70.42,15.41
9/26/2024,572.30,48336000,0.40%,70.33,570.31,570.80,567.19,567.03,559.78,68.28,15.37
9/27/2024,571.47,42100930,-0.15%,86.92,570.96,570.70,568.13,567.96,560.436,68.72,16.96
9/30/2024,573.76,63655450,0.40%,82.94,571.77,571.89,569.22,569.16,560.94,68.75,16.73
10/1/2024,568.62,72668780,-0.90%,82.90,571.24,570.72,569.78,569.11,561.767,70.41,19.26
10/2/2024,568.86,38097800,0.04%,68.95,571.00,570.45,570.53,569.61,562.6625,70.74,18.90
10/3/2024,567.82,40846470,-0.18%,64.79,570.11,569.94,570.21,570.03,563.573,74.33,20.49
10/4/2024,572.98,43005190,0.91%,59.33,570.41,571.06,570.68,570.71,565.204,74.93,19.21
10/7/2024,567.80,49964690,-0.90%,64.29,569.22,569.54,570.50,570.16,566.2735,77.76,22.64
10/8/2024,573.17,37398690,0.95%,55.85,570.13,570.53,570.68,570.98,567.4925,74.26,21.42
10/9/2024,577.14,37912240,0.69%,63.34,571.78,572.46,571.39,571.86,568.6285,73.85,20.86
10/10/2024,576.13,44138060,-0.18%,58.00,573.44,573.23,571.78,572.25,569.4805,76.46,20.93
10/11/2024,579.58,42267990,0.60%,60.71,574.76,575.49,572.59,573.19,570.359,76.11,20.46
10/14/2024,584.32,36217220,0.82%,62.76,578.07,577.95,573.64,574.72,571.433,,19.70
10/15/2024,579.78,54203640,-0.78%,65.52,579.39,578.64,574.76,574.76,572.2685,71.22,20.64
10/16/2024,582.30,30725440,0.43%,60.77,580.42,580.36,576.10,576.13,573.3135,70.97,19.58
10/17/2024,582.35,34393710,0.01%,60.99,581.67,581.06,577.56,577.24,573.882,71.26,19.11
10/18/2024,584.59,37416800,0.38%,62.17,582.67,582.64,578.72,578.83,574.699,69.78,18.03
10/21/2024,583.63,36439010,-0.16%,62.13,582.53,582.99,580.30,579.61,575.397,71.16,18.37
10/22/2024,583.32,34183840,-0.05%,68.54,583.24,582.79,581.31,580.85,575.998,72.84,18.20
10/23/2024,577.99,49314570,-0.91%,67.83,582.38,581.49,581.40,580.71,576.3955,71.37,19.24
10/24/2024,579.24,34979860,0.22%,61.34,581.75,581.33,581.71,581.01,576.7425,70.58,19.08
10/25/2024,579.04,47268180,-0.03%,57.65,580.64,580.85,581.66,581.22,577.121,72.02,20.33
10/28/2024,580.83,30174700,0.31%,65.64,580.08,580.71,581.31,581.51,577.4745,67.65,19.80
10/29/2024,581.77,42899660,0.16%,61.84,579.77,580.65,581.51,581.39,578.132,67.48,19.34
10/30/2024,580.01,41435840,-0.30%,57.89,580.18,579.85,581.28,581.23,578.6895,68.91,20.35
10/31/2024,568.64,60182450,-1.96%,56.45,578.06,576.33,579.91,578.98,578.7305,69.58,23.16
11/1/2024,571.04,45667530,0.42%,35.61,576.46,575.72,578.55,578.29,578.6335,69.81,21.88
11/4/2024,569.81,38216980,-0.22%,31.38,574.25,574.24,577.17,576.96,578.734,71.83,21.98
11/5/2024,576.70,39478320,1.21%,34.59,573.24,575.07,576.51,577.08,578.9105,72.26,20.49
11/6/2024,591.04,68181970,2.49%,42.37,575.45,579.17,577.81,579.15,579.6055,71.98,16.27
11/7/2024,595.61,47233210,0.77%,58.52,580.84,582.17,579.45,581.05,580.5795,72.69,15.20
11/8/2024,598.19,46444890,0.43%,60.33,586.27,586.62,581.36,582.86,581.51,70.69,14.94
11/11/2024,598.76,37586770,0.10%,63.25,592.06,590.43,583.16,584.53,582.232,,14.97
11/12/2024,596.90,43006130,-0.31%,63.98,596.10,593.67,584.67,585.66,583.088,68.43,14.71
11/13/2024,597.19,47388640,0.05%,68.27,597.33,596.46,586.39,586.95,583.8325,68.76,14.02
11/14/2024,593.35,38904110,-0.64%,67.67,596.88,596.00,588.86,587.65,584.3825,68.99,14.31
11/15/2024,585.75,75988770,-1.28%,63.15,594.39,593.17,590.33,588.29,584.4405,67.33,16.14
11/18/2024,588.15,37084080,0.41%,54.08,592.27,592.31,592.16,589.93,584.6665,69.46,15.58
11/19/2024,590.30,49412050,0.37%,55.17,590.95,591.61,593.52,591.83,585.0155,69.75,16.35
11/20/2024,590.50,50032580,0.03%,58.29,589.61,590.80,593.47,592.97,585.641,69.25,17.16
11/21/2024,593.67,46750290,0.54%,71.47,589.67,590.96,593.28,593.51,586.3625,70.39,16.87
11/22/2024,595.51,38226390,0.31%,71.89,591.63,591.62,593.01,593.68,587.186,71.68,15.24
11/25/2024,597.53,42441390,0.34%,74.57,593.50,593.59,592.89,593.83,588.021,69.41,14.60
11/26/2024,600.65,45621290,0.52%,71.96,595.57,595.88,593.26,594.30,588.965,69.05,14.10
11/27/2024,598.83,34000160,-0.30%,63.27,597.24,596.66,593.42,594.27,589.906,69.03,14.10
11/29/2024,602.55,30177350,0.62%,54.81,599.01,599.01,594.34,595.08,591.6015,68.26,13.51
12/2/2024,603.63,31745990,0.18%,56.30,600.64,600.55,596.13,596.03,593.231,68.35,13.34
12/3/2024,603.91,26906630,0.05%,56.94,601.91,601.73,597.71,597.55,594.936,70.15,13.30
12/4/2024,607.66,42787560,0.62%,60.45,603.32,603.83,599.44,599.52,596.484,68.81,13.45
12/5/2024,606.66,28762180,-0.16%,64.15,604.88,604.43,601.06,600.76,597.265,68.58,13.54
12/6/2024,607.81,31241550,0.19%,69.49,605.93,605.86,602.47,602.29,597.875,68.58,12.77
12/9/2024,604.68,34742740,-0.51%,89.82,606.14,605.52,603.39,602.88,598.1995,68.65,14.19
12/10/2024,602.80,37234520,-0.31%,79.07,605.92,605.03,603.92,603.28,598.4015,68.85,14.18
12/11/2024,607.46,28677720,0.77%,72.19,605.88,606.43,604.60,604.56,598.9295,70.57,13.58
12/12/2024,604.33,31543810,-0.52%,76.00,605.42,605.36,605.15,604.55,599.2865,70.25,13.92
12/13/2024,604.21,35904730,-0.02%,66.36,604.70,605.01,605.32,604.98,599.8295,71.54,13.81
12/16/2024,606.79,43695180,0.43%,64.10,605.12,605.39,605.63,605.58,600.8815,71.03,14.69
12/17/2024,604.29,55773550,-0.41%,64.74,605.42,604.84,605.67,605.39,601.6885,70.31,15.87
12/18/2024,586.28,108248700,-2.98%,55.91,601.18,599.04,603.53,602.14,601.4875,70.80,27.62
12/19/2024,586.10,85919450,-0.03%,36.65,597.53,596.15,601.48,600.36,601.2675,70.10,24.09
12/20/2024,591.15,125716700,0.86%,31.07,594.92,595.41,599.81,599.60,601.1415,69.71,18.36
12/23/2024,594.69,57635830,0.60%,36.84,592.50,594.84,598.81,598.88,601.1005,69.50,16.78
12/24/2024,601.30,33160100,1.11%,40.90,591.90,595.43,598.66,599.26,601.289,70.87,14.27
12/26/2024,601.34,41338890,0.01%,44.06,594.92,595.05,598.05,599.15,601.3235,70.38,14.73
12/27/2024,595.01,64969310,-1.05%,44.94,596.70,594.95,597.12,597.50,601.1325,71.28,15.95
12/30/2024,588.22,56578760,-1.14%,38.92,596.11,593.87,595.52,595.50,600.416,71.73,17.40
12/31/2024,586.08,57052650,-0.36%,36.60,594.39,592.77,593.45,593.80,599.5385,72.44,17.35
1/2/2025,584.64,50203980,-0.25%,36.45,591.06,591.14,591.48,591.85,598.575,73.79,17.93
1/3/2025,591.95,37888460,1.25%,30.48,589.18,591.36,592.05,591.57,597.7895,74.64,16.13
1/6/2025,595.36,47679440,0.58%,40.12,589.25,591.24,592.97,592.65,597.2245,74.31,16.04
1/7/2025,588.63,60393050,-1.13%,43.29,589.33,589.04,592.72,592.18,596.2655,74.99,17.82
1/8/2025,589.49,47304670,0.15%,37.04,590.01,589.38,592.20,592.13,595.506,73.99,17.70
1/10/2025,580.49,73105050,-1.53%,39.19,589.18,586.84,590.12,590.07,594.3905,77.27,19.54
1/13/2025,581.39,47910060,0.16%,45.13,587.07,586.59,588.13,588.53,593.087,79.57,19.19
1/14/2025,582.19,48420580,0.14%,46.08,584.44,585.44,586.84,587.05,591.98,78.20,18.71
1/15/2025,592.78,56900160,1.82%,41.99,585.27,587.22,587.30,587.92,591.4085,80.73,16.12
1/16/2025,591.64,43319660,-0.19%,48.48,585.70,587.39,587.86,588.09,590.651,79.35,16.60
1/17/2025,597.58,58070630,1.00%,41.60,589.12,589.66,589.15,589.62,590.3155,78.56,15.97
1/21/2025,603.05,42532850,0.92%,47.03,593.45,593.76,590.26,591.68,591.154,76.79,15.06
1/22/2025,606.44,48195970,0.56%,56.43,598.30,597.78,591.37,593.20,592.171,76.12,15.10
1/23/2025,609.75,41152100,0.55%,65.41,601.69,602.12,593.48,594.71,593.101,75.03,15.02
1/24/2025,607.97,34604690,-0.29%,69.63,604.96,603.78,595.33,596.11,593.765,74.97,14.85
1/27/2025,599.37,70361130,-1.41%,69.24,605.32,603.10,597.22,596.06,593.6685,73.51,17.90
1/28/2025,604.52,44433320,0.86%,55.99,605.61,605.05,599.53,598.54,593.8275,74.15,16.41
1/29/2025,601.81,37177430,-0.45%,57.19,604.68,604.34,601.49,599.94,594.1675,72.94,16.56
1/30/2025,605.04,39281260,0.54%,61.05,603.74,604.80,602.72,602.14,595.0085,73.10,15.84
1/31/2025,601.82,66671470,-0.53%,62.54,602.51,603.10,603.74,602.55,595.7955,72.84,16.43
2/3/2025,597.77,65857250,-0.67%,68.97,602.19,600.93,603.75,602.65,596.452,73.52,18.62
2/4/2025,601.78,33457820,0.67%,63.79,601.64,602.05,603.63,603.40,596.9435,73.04,17.21
2/5/2025,604.22,30653150,0.41%,65.65,602.13,602.50,603.41,603.73,597.3865,71.39,15.77
2/6/2025,606.32,35771500,0.35%,60.51,602.38,603.52,603.06,603.93,598.271,70.97,15.50
2/7/2025,600.77,50788520,-0.92%,63.25,602.17,601.84,602.34,602.65,598.835,71.32,16.54
2/10/2025,604.85,26048710,0.68%,52.90,603.59,603.06,602.89,602.80,600.053,72.73,15.81
2/11/2025,605.31,30056740,0.08%,51.68,604.29,604.16,602.97,603.33,601.249,73.67,16.02
2/12/2025,603.36,45076080,-0.32%,48.89,604.12,603.98,603.12,603.04,602.3075,71.72,15.89
2/13/2025,609.73,40921300,1.06%,43.52,604.80,605.99,603.59,604.32,603.155,71.66,15.10
2/14/2025,609.70,26910450,0.00%,51.63,606.59,606.44,604.38,604.70,604.058,71.05,14.77
2/18/2025,611.49,26749030,0.29%,61.39,607.92,608.22,605.75,605.67,604.7535,72.21,15.35
2/19/2025,612.93,31011070,0.24%,58.30,609.44,609.59,606.87,607.06,605.2475,72.58,15.27
2/20/2025,610.38,36554000,-0.42%,63.65,610.85,609.75,607.48,607.51,605.4445,72.88,15.66
2/21/2025,599.94,76519820,-1.71%,56.67,608.89,607.21,606.85,606.11,604.954,70.72,18.21
2/24/2025,597.21,50737210,-0.46%,48.01,606.39,605.00,606.49,605.09,604.416,71.06,18.98
2/25/2025,594.24,58266470,-0.50%,49.39,602.94,602.34,605.43,604.26,604.1595,69.15,19.43
2/26/2025,594.54,43321580,0.05%,41.60,599.26,600.14,604.35,603.45,603.6605,68.87,19.10
2/27/2025,585.05,74196660,-1.60%,38.68,594.20,594.52,602.52,600.84,602.8225,70.62,21.13
2/28/2025,594.18,88744110,1.56%,28.79,593.04,594.19,600.97,601.00,602.2795,69.97,19.63
3/3/2025,583.77,74249200,-1.75%,43.87,590.36,589.95,598.37,597.84,601.377,68.63,22.78
3/4/2025,576.86,109648200,-1.18%,32.45,586.88,585.86,594.91,594.46,600.3315,68.47,23.51
3/5/2025,583.06,71230530,1.07%,28.61,584.58,585.61,591.92,592.76,599.3955,66.58,21.93
3/6/2025,572.71,80094870,-1.78%,35.66,582.12,580.63,588.16,588.43,597.82,66.62,24.87
3/7/2025,575.92,81158820,0.56%,25.23,578.46,580.05,585.75,585.93,596.3,67.29,23.37
3/10/2025,560.58,99326620,-2.66%,28.32,573.83,572.50,582.09,581.18,594.2905,66.31,27.86
3/11/2025,555.92,88102110,-0.83%,22.17,569.64,567.86,578.26,577.33,591.844,66.52,26.92
3/12/2025,558.87,69588170,0.53%,19.90,564.80,566.05,574.69,574.73,589.522,67.65,24.23
3/13/2025,551.42,74079410,-1.33%,22.92,560.54,560.34,571.33,570.46,586.925,66.82,24.66
3/14/2025,562.81,62660320,2.07%,23.66,557.92,561.30,568.19,569.78,584.579,67.43,21.77
3/17/2025,567.15,49008710,0.77%,32.93,559.23,561.00,566.53,568.00,582.4515,67.84,20.51
3/18/2025,561.02,66041420,-1.08%,36.74,560.25,559.83,564.95,565.53,579.928,67.49,21.70
3/19/2025,567.13,66555990,1.09%,34.48,561.91,562.55,563.35,565.34,577.638,67.40,19.90
3/20/2025,565.49,62958200,-0.29%,41.43,564.72,563.10,562.63,563.74,575.3935,68.55,19.80
3/21/2025,563.98,83762960,-0.27%,35.23,564.95,564.47,561.44,562.88,573.5955,68.52,19.28
3/24/2025,574.08,58766800,1.79%,38.78,566.34,568.00,562.79,563.74,572.439,69.46,17.48
3/25/2025,575.46,38355740,0.24%,48.48,569.23,569.38,564.74,565.09,571.5,69.48,17.15
3/26/2025,568.59,52228900,-1.19%,45.61,569.52,569.02,565.71,565.44,570.2025,70.05,18.33
3/27/2025,567.08,42164250,-0.27%,47.52,569.84,568.71,567.28,565.96,569.304,70.30,18.69
3/28/2025,555.66,71662650,-2.01%,44.57,568.17,565.11,566.56,565.17,567.378,69.74,21.65
3/31/2025,559.39,95328210,0.67%,46.82,565.24,565.25,565.79,565.26,566.159,71.87,22.28
4/1/2025,560.97,54609640,0.28%,52.27,562.34,563.81,565.78,564.91,565.3645,71.61,21.77
4/2/2025,564.52,76014540,0.63%,51.40,561.52,563.07,565.52,565.55,564.4375,72.12,21.51
4/3/2025,536.70,125986000,-4.93%,59.19,555.45,553.25,562.64,560.28,562.637,67.43,30.02
4/4/2025,505.28,217965100,-5.85%,35.11,545.37,538.73,556.77,552.21,559.105,62.42,45.31
4/7/2025,504.38,256611400,-0.18%,23.05,534.37,531.71,549.80,547.25,556.295,61.05,46.98
4/8/2025,496.48,165816600,-1.57%,24.15,521.47,521.74,541.91,540.11,553.323,60.04,52.33
4/9/2025,548.62,241867300,10.50%,18.27,518.29,530.52,539.91,543.13,552.8105,62.63,33.62
4/10/2025,524.58,162331200,-4.38%,44.79,515.87,520.39,535.66,537.12,551.4685,60.57,40.72
4/11/2025,533.94,97866330,1.78%,39.31,521.60,521.89,533.49,535.35,550.025,61.91,37.56
4/14/2025,539.12,68033990,0.97%,39.07,528.55,527.44,531.46,534.51,548.6235,61.99,30.89
4/15/2025,537.61,56892870,-0.28%,40.31,536.77,531.57,529.12,532.58,547.453,61.74,30.12
4/16/2025,525.66,83484810,-2.22%,41.49,532.18,533.07,525.24,528.49,545.3795,62.88,32.64
4/17/2025,526.41,79868080,0.14%,39.24,532.55,530.26,524.21,525.45,543.4255,65.07,29.65
4/21/2025,513.88,69368130,-2.38%,41.96,528.54,526.33,525.07,522.33,540.9205,63.48,33.82
4/22/2025,527.25,75948120,2.60%,38.06,526.16,528.11,527.36,525.46,538.579,64.60,30.57
4/23/2025,535.42,90590660,1.55%,41.67,525.72,529.25,531.25,528.82,536.577,62.64,28.45
4/24/2025,546.69,64150420,2.10%,42.97,529.93,532.71,531.06,534.06,535.482,63.55,26.47
4/25/2025,550.64,61119590,0.72%,52.62,534.78,536.83,533.66,534.62,534.66,63.85,24.84
4/28/2025,550.85,47613760,0.04%,63.91,542.17,540.13,535.35,536.79,534.4195,63.30,25.15
4/29/2025,554.32,47775120,0.63%,64.31,547.58,546.22,536.87,538.80,534.166,61.84,24.17
4/30/2025,554.54,93101460,0.04%,68.32,551.41,549.90,538.57,540.08,533.8445,59.55,24.70
5/1/2025,558.47,63186150,0.71%,52.79,553.76,553.76,541.85,542.18,533.542,60.59,24.60
5/2/2025,566.76,60717270,1.48%,69.73,556.99,558.10,545.88,546.38,535.045,59.67,22.68
5/5/2025,563.51,38659220,-0.57%,69.35,559.52,559.16,550.85,549.09,537.9565,58.50,23.64
5/6/2025,558.80,48264710,-0.84%,64.72,560.42,559.28,554.00,552.29,540.6775,60.42,24.76
5/7/2025,561.15,55733230,0.42%,62.31,561.74,560.66,556.57,555.30,543.911,59.42,23.55
5/8/2025,565.06,65130790,0.70%,73.21,563.06,562.85,558.41,558.12,544.733,61.25,22.48
5/9/2025,564.34,37603430,-0.13%,74.27,562.57,563.48,559.78,559.49,546.721,62.37,21.90
5/12/2025,582.99,78993570,3.30%,87.20,566.47,569.38,562.99,564.00,549.1735,63.32,18.39
5/13/2025,586.84,67947230,0.66%,88.13,572.08,573.26,566.25,567.33,551.5595,65.04,18.22
5/14/2025,587.59,66283530,0.13%,87.38,577.36,577.25,569.55,570.13,554.0585,64.48,18.62
5/15/2025,590.46,71268150,0.49%,85.10,582.44,581.73,572.75,573.35,557.2985,63.03,17.83
5/16/2025,594.20,76052100,0.63%,84.82,588.42,586.36,575.49,576.65,560.688,63.84,17.24
5/19/2025,594.85,68168510,0.11%,85.70,590.79,590.56,578.63,579.01,564.7365,63.98,18.14
5/20/2025,592.85,60614490,-0.34%,85.01,591.99,591.48,582.03,581.21,568.0165,63.97,18.09
5/21/2025,582.86,95197660,-1.69%,82.10,591.04,588.95,584.20,582.18,570.3885,62.93,20.87
5/22/2025,583.09,70860420,0.04%,68.55,589.57,588.39,586.01,584.00,572.2085,62.55,20.28
5/23/2025,579.11,76029050,-0.68%,64.16,586.55,586.08,587.48,584.75,573.632,62.89,22.29
5/27/2025,591.15,72588480,2.08%,63.36,585.81,588.08,588.30,588.15,575.647,61.61,18.96
5/28/2025,587.73,68445510,-0.58%,74.61,584.79,586.45,588.39,588.20,577.3175,62.54,19.31
5/29/2025,590.05,70073760,0.39%,69.90,586.23,586.54,588.64,588.69,579.093,61.66,19.18
5/30/2025,589.39,90601240,-0.11%,69.16,587.49,587.28,588.53,588.77,580.639,61.46,18.57
6/2/2025,592.71,61630500,0.56%,69.22,590.21,589.23,588.38,589.29,581.9365,63.27,18.36
6/3/2025,596.09,63606200,0.57%,59.76,591.19,592.17,588.50,589.78,583.5655,64.10,17.69
6/4/2025,595.93,57314200,-0.03%,59.37,592.83,592.77,588.81,589.85,585.422,63.57,17.61
6/5/2025,593.05,92436400,-0.48%,58.55,593.43,592.91,589.83,589.58,587.017,64.06,18.48
6/6/2025,599.14,66588740,1.03%,52.66,595.38,595.34,591.44,591.52,588.721,65.30,16.77
6/9/2025,599.68,53016420,0.09%,54.83,596.78,596.82,593.49,592.93,590.488,65.99,17.16
6/10/2025,603.08,66246970,0.57%,54.73,598.18,598.88,594.69,595.24,591.4925,65.66,16.95
6/11/2025,601.36,73658230,-0.29%,59.76,599.26,599.24,596.05,595.90,592.2185,68.91,17.26
6/12/2025,603.75,64129000,0.40%,70.96,601.40,600.76,597.42,597.45,593.0265,68.73,18.02
6/13/2025,597.00,89506000,-1.12%,72.31,600.97,599.93,598.18,597.34,593.3535,73.84,20.82
6/16/2025,602.68,79984130,0.95%,68.23,601.57,601.54,599.18,599.00,593.7775,72.53,19.11
6/17/2025,597.53,82209370,-0.85%,63.50,600.46,600.23,599.32,598.88,593.9115,75.62,21.60
6/18/2025,597.44,76605030,-0.02%,61.03,599.68,599.46,599.47,598.98,594.141,75.89,20.14
6/20/2025,594.28,94051370,-0.53%,58.75,597.79,597.88,599.59,598.53,594.712,75.72,20.62
6/23/2025,600.15,87426040,0.99%,55.47,598.42,598.57,599.70,599.70,595.565,69.36,19.83
6/24/2025,606.78,67735290,1.10%,57.87,599.24,601.20,600.41,600.98,596.9485,65.45,17.48
6/25/2025,607.12,62114770,0.06%,60.58,601.15,601.86,600.81,601.63,597.747,65.98,16.76
6/26/2025,611.87,78548360,0.78%,61.04,604.04,604.73,601.86,602.82,598.954,66.44,16.59
6/27/2025,614.91,86258400,0.50%,67.90,608.17,607.66,602.98,604.23,600.197,66.66,16.32
6/30/2025,617.85,92502540,0.48%,65.93,611.71,611.39,605.06,605.68,601.62,66.30,16.73
7/1/2025,617.65,70030140,-0.03%,67.50,613.88,613.69,606.56,607.35,602.867,66.64,16.83
7/2/2025,620.45,66510370,0.45%,64.96,616.55,616.07,608.85,609.08,604.085,68.66,16.64
7/3/2025,625.34,51065790,0.79%,69.17,619.24,619.48,611.64,611.85,605.5555,68.13,16.38
7/7/2025,620.68,74814510,-0.75%,70.64,620.39,619.72,614.28,613.28,606.937,69.16,17.79
7/8/2025,620.34,59024590,-0.05%,73.59,620.89,620.38,616.30,615.38,607.997,69.55,16.81
7/9/2025,624.06,66113330,0.60%,69.68,622.17,621.95,618.03,617.71,609.216,69.61,15.94
7/10/2025,625.82,57528960,0.28%,80.54,623.25,623.39,619.90,619.44,610.353,67.78,15.78
7/11/2025,623.62,63670230,-0.35%,81.46,622.90,623.37,621.07,620.57,611.466,69.63,16.40
7/14/2025,624.81,51898520,0.19%,83.24,623.73,623.54,622.06,621.75,612.519,68.19,17.20
7/15/2025,622.14,74317260,-0.43%,81.25,624.09,623.20,622.49,622.08,613.776,67.76,17.38
7/16/2025,624.22,88987510,0.33%,71.63,624.12,624.13,623.15,622.81,614.853,67.13,17.16
7/17/2025,628.04,68885680,0.61%,72.96,624.57,625.43,623.91,624.04,616.3785,68.76,16.52
7/18/2025,627.58,65621650,-0.07%,72.27,625.36,625.57,624.13,624.57,617.8855,68.53,16.41
7/21/2025,628.77,63374980,0.19%,68.78,626.15,626.50,624.94,624.97,619.61,68.39,16.65
7/22/2025,628.86,60046290,0.01%,67.07,627.49,627.05,625.79,625.65,621.0455,67.56,16.50
7/23/2025,634.21,70511040,0.85%,67.59,629.49,629.73,626.81,627.32,622.417,66.05,15.37
7/24/2025,634.42,71307130,0.03%,69.99,630.77,631.13,627.67,628.19,623.782,67.16,15.39
7/25/2025,637.10,56865360,0.42%,65.27,632.67,632.88,629.02,629.38,625.0435,66.38,14.93
7/28/2025,636.94,54917100,-0.03%,79.57,634.31,634.09,630.23,630.46,626.145,67.81,15.03
7/29/2025,635.26,60556280,-0.26%,80.09,635.59,634.62,631.54,631.14,627.0155,70.27,15.98
7/30/2025,634.46,80418850,-0.13%,71.93,635.64,635.21,632.56,632.07,627.856,71.09,15.48
7/31/2025,632.08,103385200,-0.38%,67.58,635.17,634.45,632.97,632.48,628.4375,70.36,16.72
8/1/2025,621.72,140103600,-1.64%,67.08,632.09,630.69,632.38,630.92,628.2565,68.39,20.38
8/4/2025,631.17,73218020,1.52%,45.45,630.94,631.78,632.62,632.16,628.781,67.33,17.52
8/5/2025,627.97,68051400,-0.51%,61.09,629.48,629.95,632.53,631.78,629.1625,66.20,17.85
8/6/2025,632.78,64357530,0.77%,54.48,629.14,630.58,632.39,632.58,629.5985,65.38,16.77
8/7/2025,632.25,74205790,-0.08%,55.53,629.18,630.18,632.17,632.36,629.92,64.90,16.57
8/8/2025,637.18,64051630,0.78%,55.44,632.27,631.85,632.18,633.08,630.598,64.94,15.15
8/11/2025,635.92,58742300,-0.20%,59.02,633.22,633.49,632.08,632.86,631.1535,65.03,16.25
8/12/2025,642.69,64821800,1.06%,57.38,636.16,636.38,632.82,634.01,632.181,64.22,14.73
8/13/2025,644.89,60092790,0.34%,58.61,638.59,639.07,633.87,635.02,633.2145,63.68,14.49
8/14/2025,644.95,59327470,0.01%,60.22,641.13,640.71,635.15,635.88,634.06,64.99,14.83
8/15/2025,643.44,68592510,-0.23%,58.08,642.38,641.90,637.32,636.66,634.853,63.78,15.09
8/18/2025,643.30,43804910,-0.02%,56.51,643.85,642.69,638.54,638.41,635.5795,64.51,14.99
8/19/2025,639.81,69750730,-0.54%,58.31,643.28,642.51,639.72,638.77,636.127,63.38,15.57
8/20/2025,638.11,88890300,-0.27%,55.24,641.92,641.56,640.25,639.43,636.322,64.19,15.69
8/21/2025,635.55,54805780,-0.40%,55.98,640.04,639.80,640.58,639.40,636.3785,64.56,16.60
8/22/2025,645.31,84083210,1.54%,66.23,640.42,641.80,641.40,641.44,636.789,64.08,14.22
8/25/2025,642.47,51274330,-0.44%,66.47,640.25,641.10,642.05,641.59,637.0655,65.18,14.79
8/26/2025,645.16,51581570,0.42%,67.03,641.32,641.89,642.30,642.62,637.5605,63.60,14.62
8/27/2025,646.63,48341070,0.23%,65.31,643.02,643.09,642.47,643.09,638.169,64.49,14.85
8/28/2025,648.92,61519460,0.35%,67.38,645.70,644.99,642.87,643.65,639.011,64.96,14.43
8/29/2025,645.05,74522190,-0.60%,65.15,645.65,645.48,643.03,643.27,640.1775,64.36,15.36
9/2/2025,640.27,81983550,-0.74%,61.04,645.21,643.85,642.73,642.53,640.6325,65.95,17.17
9/3/2025,643.74,70820900,0.54%,46.93,644.92,644.72,643.12,642.91,641.421,63.97,16.35
9/4/2025,649.12,65219230,0.84%,48.58,645.42,646.32,644.22,644.21,642.238,63.48,15.30
9/5/2025,647.24,85178940,-0.29%,54.54,645.08,646.03,645.39,644.77,642.9875,61.87,15.18
,,,,,,,,,,,
,,,,,,,,,,,
,,,,,,,,,,,
,,,,,,,,,,,
,,,,,,,,,,,
,,,,,,,,,,,
,,,,,,,,,,,
,,,,,,,,,,,
,,,,,,,,,,,
,,,,,,,,,,,
,,,,,,,,,,,
,,,,,,,,,,,
,,,,,,,,,,,
,,,,,,,,,,,
,,,,,,,,,,,
,,,,,,,,,,,
,,,,,,,,,,,
,,,,,,,,,,,
,,,,,,,,,,,
,,,,,,,,,,,
,,,,,,,,,,,
,,,,,,,,,,,
,,,,,,,,,,,
,,,,,,,,,,,
,,,,,,,,,,,
,,,,,,,,,,,
,,,,,,,,,,,
,,,,,,,,,,,
,,,,,,,,,,,
,,,,,,,,,,,
,,,,,,,,,,,
,,,,,,,,,,,
,,,,,,,,,,,
,,,,,,,,,,,
,,,,,,,,,,,
,,,,,,,,,,,
,,,,,,,,,,,
,,,,,,,,,,,
,,,,,,,,,,,
,,,,,,,,,,,
,,,,,,,,,,,
,,,,,,,,,,,
,,,,,,,,,,,
,,,,,,,,,,,
,,,,,,,,,,,
,,,,,,,,,,,
,,,,,,,,,,,
,,,,,,,,,,,
,,,,,,,,,,,
,,,,,,,,,,,
,,,,,,,,,,,
,,,,,,,,,,,
,,,,,,,,,,,
,,,,,,,,,,,
,,,,,,,,,,,
,,,,,,,,,,,
,,,,,,,,,,,
,,,,,,,,,,,
,,,,,,,,,,,
,,,,,,,,,,,
,,,,,,,,,,,
,,,,,,,,,,,
,,,,,,,,,,,
,,,,,,,,,,,
,,,,,,,,,,,
,,,,,,,,,,,
,,,,,,,,,,,
,,,,,,,,,,,
,,,,,,,,,,,
,,,,,,,,,,,
,,,,,,,,,,,
,,,,,,,,,,,
,,,,,,,,,,,
,,,,,,,,,,,
,,,,,,,,,,,
,,,,,,,,,,,
,,,,,,,,,,,
,,,,,,,,,,,
,,,,,,,,,,,
,,,,,,,,,,,
,,,,,,,,,,,
,,,,,,,,,,,
,,,,,,,,,,,
,,,,,,,,,,,
,,,,,,,,,,,
,,,,,,,,,,,
,,,,,,,,,,,
,,,,,,,,,,,
,,,,,,,,,,,
,,,,,,,,,,,
,,,,,,,,,,,
,,,,,,,,,,,
,,,,,,,,,,,
,,,,,,,,,,,
